Index,country,year,delta_Lnrgdpo,delta_Lnlabor_stock,delta_Lncapital_stock,delta_RL,delta_GS,delta_RE,delta_MO
1,Austria,2001,-0.0229522165426008,0.00478967965086063,0.0251917848763004,0.5,0,0.599999999999994,-1.6666666666666
2,Austria,2002,0.0208678157805995,0.00238266644822893,0.0211697414480003,0.5,-2.9,-1.59999999999999,0.533333333333303
3,Austria,2003,0.0245734790940997,0.00690949794376117,0.0223130314182995,0.5,0.25,-0.650000000000006,0.599999999999994
4,Austria,2004,0.0392526265165003,0.0116143524553003,0.0213116131752003,0,0.300000000000001,0.400000000000006,-0.533333333333303
5,Austria,2005,0.0904266698822003,0.00122653529800942,0.020197769674299,1,1.25,-1.0833333333333,0.133333333333312
6,Austria,2006,0.0194459530854001,0.0117870259767603,0.0196572801865997,2,3.2,3.5,0.733333333333292
7,Austria,2007,0.0336137552114,0.0171757885515493,0.0212993679763009,1.5,0.799999999999997,-1.10000000000001,1.40000000000001
8,Austria,2008,0.0356921471543998,0.0198451088553995,0.0208359163739988,-0.5,0.7468,-0.766160709999994,-0.200000000000003
9,Austria,2009,-0.0456123991281991,-0.0250426556504983,0.0150613253135017,-2.5,0.253050000000002,0.888193096666598,-0.066666666666606
10,Austria,2010,0.0319185268661997,0.0104141530938993,0.0129405927948998,0,1.50015,-2.05536572,2.23333333333331
11,Austria,2011,0.0434304835125996,0.0240033064012994,0.0153332384548985,-1,-0.850000000000001,0.633333333333397,1.7
12,Austria,2012,0.0180525311892996,0.000429639265600912,0.0146197844358014,0,-6.2,-1.09999999999999,-0.133333333333297
13,Austria,2013,-0.0129633276271992,-0.00245092405780056,0.0143754372411991,-0.5,4.34999999999999,0.899999999999992,1.53333333333329
14,Austria,2014,0.045543851577099,0.00534266681339979,0.0130865638362998,-1.25,-0.0499999999999972,1,2
15,Austria,2015,0.0173333657336006,-0.00469177124080034,0.0136390175882006,-3.25,-2.3,-0.433333333333394,0.0666666666667055
16,Austria,2016,0.0128453348206001,0.0212943072000016,0.0147650313249006,1.5,1.59999999999999,-0.466666666666598,0
17,Austria,2017,0.0492943554160004,0.0147877839846,0.0157171078333,0,13.2166666666667,-1.90000000000001,-0.3333333333334
18,Austria,2018,0.0274000376914003,0.0263181989996983,0.0164672077391987,-1.7,0.366666666666596,-0.6666666666667,-0.033333333333303
19,Austria,2019,0.0142196766211988,0.0161299391231005,0.017274456549,-1.6666666666667,3.3666666666667,-0.266666666666595,-0.299999999999997
21,Belgium,2001,0.00543010393579912,0.0150989146902809,0.0266665480145996,-0.5,1.6,0.200000000000003,0.0666666666667055
22,Belgium,2002,0.0274160210161014,0.0163425816714788,0.0210369456066015,4,3.25,-1.15000000000001,7.2
23,Belgium,2003,0.0430592636854001,0.00925546021169055,0.0192772905650997,2.5,-0.600000000000001,-0.400000000000006,0.599999999999994
24,Belgium,2004,0.025597712373699,0.0111059199572896,0.0230833196211986,2.5,3.05,-1.94999999999999,-0.533333333333403
25,Belgium,2005,0.1115223819425,0.0149873255420498,0.0249784270949007,2.5,-1.25,-2.38333333333331,0.133333333333411
26,Belgium,2006,-0.0285088639845998,0.0218491098561611,0.0243220168103004,-0.5,2.75,6.93333333333331,0.733333333333292
27,Belgium,2007,0.03024053605,0.01933518128671,0.0273079750861989,-5.5,0.5,1.09999999999999,4.73333333333341
28,Belgium,2008,0.0835488392549006,0.0118401400404391,0.0263666895221011,-0.5,-4.3544,0.585929483333302,-0.200000000000102
29,Belgium,2009,-0.0339802429186999,-0.0128977259063188,0.0203334643454003,-1,3.955389995,-0.317196629999998,-0.066666666666606
30,Belgium,2010,0.0796545203498997,0.0105591838963797,0.0195856658222002,1,1.199010005,-2.2687328533333,-6.09999999999999
31,Belgium,2011,-0.00322834559390017,0.0217553382264288,0.0214926704056992,-1,-2.7,2.73333333333331,0.033333333333303
32,Belgium,2012,0.0082847536026005,0.00467372090280094,0.0207197116417994,0,-4.95,-0.433333333333309,-0.1666666666667
33,Belgium,2013,-0.00254415044489953,-0.000543838113200579,0.018336421497601,2,1.3,-1.36666666666669,-0.100000000000009
34,Belgium,2014,0.00554364668739993,0.0050085349347011,0.0205680017354997,-0.400000000000006,0.0500000000000007,0.466666666666697,2
35,Belgium,2015,-0.0186931454188013,0.00699048274809933,0.0213865641953994,0.400000000000006,-2.9,-2,0.0666666666667055
36,Belgium,2016,0.0179629591502,0.0144673540062001,0.0221824871159999,0.5,0.700000000000003,-2.06666666666671,0
37,Belgium,2017,0.0449706594749006,0.0224208956498995,0.0212959758854012,-3.3,12.4,-0.633333333333297,-0.3333333333333
38,Belgium,2018,-0.0156981204815008,0.0200175697186999,0.0218782261129,-0.8333333333333,1.3333333333333,-1.76666666666669,-0.0333333333334025
39,Belgium,2019,0.0192137745796011,0.0209118748066004,0.0223867606664001,-2.06666666666671,3.9,-2.5,-0.299999999999997
41,Bulgaria,2001,0.0225905820415004,-0.0283387219690798,0.0765083639471005,2,1.55,13.1,2.4666666666667
42,Bulgaria,2002,0.0363503785302992,0.0217782263393307,0.0706414196912988,1,-3.75,24.8,1
43,Bulgaria,2003,0.0293310582663011,0.0261230959774199,0.0731014008024999,2,5.59999999999999,0.849999999999994,-5.9333333333334
44,Bulgaria,2004,0.0439638139856999,0.0522082340785204,0.0801465174353009,-9.5,8.25,0.599999999999994,6.9333333333334
45,Bulgaria,2005,0.1040616411037,0.00704810877453888,0.1023502943818,-0.5,-5.95,5.95,6.2666666666666
46,Bulgaria,2006,0.0571083628358995,0.0453699337855316,0.105026999506899,1,-0.349999999999994,4.2,1.26666666666669
47,Bulgaria,2007,0.0764401973946001,0.0511360945069299,0.1068035883831,-0.5,3.59999999999999,-1.7,-4.99999999999999
48,Bulgaria,2008,0.0685898349415002,0.0620880707993301,0.123254134360401,0,-0.73214999999999,-1.0736667333333,5.0666666666667
49,Bulgaria,2009,-0.0358854326424005,-0.0546750983931705,0.0784342172146992,0.5,3.0692,0.661991976666599,-0.0666666666667055
50,Bulgaria,2010,0.037290784479401,-0.0511820373349998,0.0506868248340009,-2.5,-5.13705,0.245008089999999,-2.8
51,Bulgaria,2011,-0.0110693972684999,-0.0335581968772907,0.0421235932873998,1,5.3,2.6333333333334,1.73333333333331
52,Bulgaria,2012,0.0243101137347992,-0.00639939098413933,0.0397937700748994,-1,-0.649999999999992,0.466666666666612,-0.1666666666666
53,Bulgaria,2013,-0.0500948434293989,0.00428585379605906,0.037271081616101,-1.5,7.14999999999999,-2.56666666666661,-0.100000000000009
54,Bulgaria,2014,0.0313403685728986,0.0188169328163514,0.0369024740002999,1.1,-1.25,2.09999999999999,0.3333333333333
55,Bulgaria,2015,0.0355462593867006,0.0206518371435891,0.0359644287330987,2.9,-0.0999999999999943,-1.6666666666667,3.40000000000001
56,Bulgaria,2016,0.0467873947872999,-0.00184532058577069,0.0276328222997009,1,-2,-2.39999999999999,0
57,Bulgaria,2017,0.0408964858317003,0.0467820905569809,0.0280350663879005,11.2333333333333,2.84999999999999,-0.933333333333309,1.3333333333333
58,Bulgaria,2018,0.0333644982707,0.00521750777924979,0.0293402441043984,0.366666666666703,3.30000000000001,-1.69999999999999,-0.033333333333303
59,Bulgaria,2019,0.0385406745566002,0.0292495278312508,0.0285182675538014,-1.6,2.39999999999999,1.9666666666667,-0.299999999999997
61,Croatia,2001,0.0451416883778997,0.0212185307392083,0.0183070013243984,-11.5,-5.1,0.850000000000001,1.5333333333333
62,Croatia,2002,0.0723745118488015,0.0143012361891213,0.0238723864162012,5,-3.65,1.99999999999999,-0.933333333333302
63,Croatia,2003,0.0626190113587999,0.0329687912194494,0.0354181422983988,1,6.45,0.300000000000011,1.3333333333333
64,Croatia,2004,0.0279801947880003,0.0170204571363506,0.0353203013983006,-0.5,-8,1.59999999999999,4.2
65,Croatia,2005,0.0820414038185984,0.0175080131046901,0.0346463858438995,-0.5,-2.35,-7.0166666666667,0
66,Croatia,2006,0.0903850760571014,0.0415942438780697,0.0386569941858017,-1,3.65,-0.133333333333297,4.3333333333333
67,Croatia,2007,0.0775127394965001,0.041695349654999,0.0398729946037992,-0.5,0.75,-0.766666666666701,-0.200000000000003
68,Croatia,2008,0.0591448633331986,0.0314819039875012,0.0424591276716004,0,1.2252,1.58794474,-0.0666666666665918
69,Croatia,2009,-0.0520704620764985,0.000573179808839086,0.0267881115210002,3.5,1.83265,-0.155923223333296,0
70,Croatia,2010,-0.0107307590378003,-0.0204674693715301,0.0153785172026986,6.5,8.49215,-1.3986881833333,5.06666666666659
71,Croatia,2011,0.0324783192070992,-0.0291291677386987,0.0132623264211009,-1.5,3.75,3.2333333333333,1.60000000000001
72,Croatia,2012,0.000839755241900164,-0.0339806496637909,0.0108041879053005,0,-1.75,0.466666666666697,-0.033333333333303
73,Croatia,2013,-0.0501045670542002,-0.0229787005975997,0.0110465713834991,-0.5,1.34999999999999,-0.899999999999999,1.6666666666667
74,Croatia,2014,-0.00765322348189912,0.0288207405563998,0.00899593533480037,0.549999999999997,-4.45,-2.1666666666667,1.6333333333333
75,Croatia,2015,0.0432815246478988,-0.00807414273355001,0.0104111462517995,3.45,3.1,-0.466666666666697,-0.0666666666666913
76,Croatia,2016,0.0282637624098001,0.0224272901905103,0.0127853462099008,-2.5,-8.45,0.933333333333394,-1.60000000000001
77,Croatia,2017,0.0773883025414008,0.0328382800421405,0.0141126544406003,13.7333333333333,-4.65,0.133333333333304,0
78,Croatia,2018,-0.0164566206109011,0.027440938761659,0.0150244581446,-0.933333333333302,7.6333333333333,-0.266666666666701,0
79,Croatia,2019,0.0287868574171011,0.0388993684697603,0.0177219820111993,-5.1333333333333,6.5,0.733333333333398,-0.466666666666598
81,Cyprus,2001,0.0280475795020099,0.0419548474741402,0.0216927715756992,10,2.10000000000001,3.19999999999999,0.866666666666703
82,Cyprus,2002,-0.0295133204150098,0.0131317744731199,0.0274330750602001,10,-0.100000000000009,-1.34999999999999,0.599999999999994
83,Cyprus,2003,-0.0546116726176908,0.0374011693275698,0.0274613877960999,0,0.200000000000003,0.75,0.200000000000003
84,Cyprus,2004,0.021197979827571,0.0262392303708401,0.0304492096216009,0,3.55,-0.200000000000003,0
85,Cyprus,2005,0.14584755322152,0.0253148164004999,0.0337431659656993,-4.5,-0.599999999999994,-5.4666666666667,-1.93333333333339
86,Cyprus,2006,0.0345236889013201,0.0169499817010301,0.0448588209203997,-3.5,-4.5,-4.5333333333333,9.59999999999999
87,Cyprus,2007,0.0686624957701998,0.0655129053600305,0.0467202046790014,1.5,-1.6,0.100000000000009,-0.266666666666595
88,Cyprus,2008,0.0734526628131995,0.0440589266425802,0.0489870421981991,-0.5,-1.5312,0.0928183233332902,-0.200000000000003
89,Cyprus,2009,0.00796785406810052,-0.00437068913162086,0.0345922964636998,-1.5,-1.17475,0.229782063333403,-0.0666666666667055
90,Cyprus,2010,0.0278601543090993,0.0114400664541003,0.0314206363979004,0.5,-0.64405,-0.322600386666693,0.566666666666706
91,Cyprus,2011,-0.0029583089241001,0.0111781752568003,0.0223542841162008,1,1.35,4.8,1.7
92,Cyprus,2012,0.0267219564211008,-0.0300201599443506,0.0111289887999995,-6.5,0.100000000000001,-0.633333333333297,-0.1666666666667
93,Cyprus,2013,-0.109062009724401,-0.0694920152435694,0.00432563879589942,0,-3.95,-3.2,-3.43333333333331
94,Cyprus,2014,-0.0680251773496003,-0.0102205827981203,0.000758723800300842,0.5,1.7,0.366666666666603,-6.3333333333334
95,Cyprus,2015,0.0542200383420006,0.0277128917204497,0.00122805993770037,-0.5,0.149999999999999,-2.30000000000001,3.40000000000001
96,Cyprus,2016,0.0904100211855994,0.0610889594467903,0.0156510601019999,0,3.6,-1.26666666666659,1.6666666666667
97,Cyprus,2017,0.0197344427082999,0.0434832714547504,0.0229958411133993,-3.2666666666667,3.2,-0.0999999999999943,-0.3333333333333
98,Cyprus,2018,0.00711920055920068,0.0367849111552294,0.0171349528770008,-6.8333333333333,4.23333333333329,-0.6666666666667,3.3
99,Cyprus,2019,0.0417492964488009,0.0311275019530006,0.0176579741218994,-1.4333333333333,1,1.56666666666669,-0.299999999999997
101,Czech Republic,2001,0.0458278049223999,-0.0399650324053003,0.0111815300806999,-1,4.7,3.09999999999999,0.266666666666694
102,Czech Republic,2002,-0.0178716841861988,0.00772817611999876,0.00994670278489984,-1.5,-8.3,-7,0.0666666666667055
103,Czech Republic,2003,0.0448626731713997,-0.0123384047753987,0.00972980857650008,-2,6.15,-0.149999999999991,0.200000000000003
104,Czech Republic,2004,0.0280505536982005,0.00614754106319992,0.0105643441317991,-1,-2.45,1.34999999999999,-0.0666666666667055
105,Czech Republic,2005,0.0862107969094001,0.0219697070597995,0.0121245500909009,1,-12.3,-5.09999999999999,1.1333333333333
106,Czech Republic,2006,0.0224603327752995,0.00589890444359931,0.0131349413919004,1.5,11.15,-4.2,1.8666666666667
107,Czech Republic,2007,0.0849034034102996,0.0134133154213014,0.0181055134482993,0.5,5.7,1.0333333333334,-1.93333333333329
108,Czech Republic,2008,0.0511574326569004,0.0238105864868992,0.0160762399282,2.5,-0.0581999999999994,1.1629630299999,-0.200000000000003
109,Czech Republic,2009,-0.0401578006862007,-0.0228037759318003,0.00885800659860081,2,3.12535,0.675815720000003,-0.0666666666667055
110,Czech Republic,2010,0.0147431840600003,0.00401948510140038,0.00871998219889925,-2.5,1.28285,1.62788791666669,0.566666666666706
111,Czech Republic,2011,0.0307418620598998,0.00258616274579992,0.00831613691380007,-1.5,0.0499999999999972,3.09999999999999,0.033333333333303
112,Czech Republic,2012,-0.00430888278389929,-0.0111357603965008,0.00577557719650024,1,-3.5,0.100000000000009,-0.1666666666667
113,Czech Republic,2013,-0.0124666466457999,-0.00288643305399994,0.00397657343889968,-1,3.35,1.9666666666667,-0.100000000000009
114,Czech Republic,2014,0.0448056951306999,0.0137926739573011,0.00507346182570068,0.649999999999999,0,0.1666666666666,3.6666666666667
115,Czech Republic,2015,0.0261429855807993,0.00268439316520031,0.00921745467699964,3.85,-1.7,-0.400000000000006,0.0666666666667055
116,Czech Republic,2016,0.0232028590910005,0.0293076673575001,0.00557052745720021,1.5,3.85000000000001,-1.3,0
117,Czech Republic,2017,0.0634958192485993,0.0192836031528998,0.00751958715939871,-2.3,8.5,0.766666666666708,-0.3333333333334
118,Czech Republic,2018,0.0340033882284008,0.0148069859210995,0.0116762947911013,-0.033333333333303,2.5,1.26666666666669,-0.033333333333303
119,Czech Republic,2019,0.0236576330981002,0.00758634576130035,0.0113287643035989,-2.5,1.53333333333329,-0.8333333333334,-0.299999999999997
121,Denmark,2001,-0.000557873436401124,0.0153980257144397,0.0219603719691008,0,0.550000000000001,-0.399999999999992,0.0666666666667055
122,Denmark,2002,-0.00266520085539845,0.000110377646990401,0.0186549469780992,-1,3.25,-0.350000000000009,7.2
123,Denmark,2003,0.0191002292663001,-0.00846906802202874,0.0181924815586996,-1.5,2.2,7.65000000000001,0.599999999999994
124,Denmark,2004,0.0515476794137992,-0.000664342866871337,0.0189991924217008,0,-0.300000000000001,-2.40000000000001,-0.533333333333403
125,Denmark,2005,0.0876895913375009,0.0143402109086512,0.0211202402575008,0,0.150000000000002,2.6166666666667,0.133333333333411
126,Denmark,2006,0.0395724545072991,0.0302550031511597,0.0275938407227994,0,1.3,-1.26666666666669,0.733333333333292
127,Denmark,2007,0.0291725867321002,0.01156532232614,0.0255723587355998,0,1.1,-0.0666666666667055,4.73333333333341
128,Denmark,2008,0.0605641046072005,0.0131547210071492,0.0214119131405006,0,3.914183335,1.6259877233334,3.1333333333333
129,Denmark,2009,-0.0433468402778008,-0.0371076891259694,0.0117748783242995,2,0.510400000000001,-0.164051586666702,-0.0666666666667055
130,Denmark,2010,0.0653279909393998,-0.0150647034110705,0.00781921545780051,-3,1.025416665,-4.99526947,0.566666666666706
131,Denmark,2011,0.0218312694989997,0.0158145110569006,0.00800270261479952,0,2.4,0.766666666666708,0.033333333333303
132,Denmark,2012,-0.00688421380460014,-0.0103862962349801,0.00973126971959992,0,-11.45,-0.433333333333408,-0.1666666666666
133,Denmark,2013,-0.0184541290229987,0.00718925934589976,0.0104738959812991,0.5,2.95,-0.799999999999997,-1.76666666666671
134,Denmark,2014,0.00234786836129963,0.00494335592163964,0.0111627001826005,-0.150000000000006,-2.95,-0.066666666666606,2
135,Denmark,2015,-0.00341005038029962,0.0112858573747996,0.0129375513014995,1.15000000000001,0.800000000000001,2.60000000000001,-3.26666666666669
136,Denmark,2016,0.0337865414428986,0.0213357849265812,0.0160899338621014,0.5,0.199999999999999,-3.76666666666671,0
137,Denmark,2017,0.058172789656,0.0132432154768196,0.0169920682667986,-13.4666666666667,25.2,-0.199999999999989,-0.3333333333333
138,Denmark,2018,0.00848100042500022,0.000791361153620329,0.0184580281905014,4.1333333333334,3.4666666666667,-1.1666666666666,-0.0333333333334025
139,Denmark,2019,0.0429822684507002,0.0141601011347596,0.0187890036036986,-0.900000000000006,1.4666666666666,-0.1666666666667,-0.299999999999997
141,Estonia,2001,0.0509954070913405,0.00746118508357974,0.0267700891250993,0,24.7,2.84999999999999,0
142,Estonia,2002,0.0624752858677908,0.00528699491365003,0.0380054193452004,0,-6.25,3.2,6.6666666666666
143,Estonia,2003,0.0647907248181596,0.0276848432944092,0.0455364286563,-0.5,2.14999999999999,-0.650000000000006,-0.266666666666595
144,Estonia,2004,0.0449077769491293,0.00374361732910167,0.0436411290854988,0,0.300000000000011,-1.8,0
145,Estonia,2005,0.1897409026673,0.0378279532291383,0.0521228970258001,-0.5,2.59999999999999,-10.9166666666667,0.199999999999989
146,Estonia,2006,0.0781109020812014,0.0508024461272409,0.0655044736729007,2.5,-1.65000000000001,-0.6666666666666,-0.799999999999997
147,Estonia,2007,0.111724058928999,0.00697171275193931,0.0653438481839004,12,2.55000000000001,-1.09999999999999,1.40000000000001
148,Estonia,2008,0.0163645419462011,-0.0124176135374192,0.0445506229456996,1.5,0.829149999999999,1.8151619766666,-3.5333333333334
149,Estonia,2009,-0.115852708464901,-0.17446848137546,0.0104966020091997,-1,0.439799999999991,-4.66067674,-0.066666666666606
150,Estonia,2010,0.0537796258465999,-0.0229112092090205,0.0101072201908003,-4.5,-3.21894999999999,-0.954485236666599,0.566666666666606
151,Estonia,2011,0.109654905921401,0.0921304485420205,0.0276348217073998,0,-4.75,4.73333333333329,0.0333333333334025
152,Estonia,2012,0.0537590735966997,0.00454999754924934,0.0324399198043999,-0.5,-7.5,-1.1666666666667,-0.1666666666667
153,Estonia,2013,0.00826902851779998,0.00801608139066978,0.029954989173401,2,9,-0.200000000000003,-0.100000000000009
154,Estonia,2014,0.0196847298321003,0.0098690945131299,0.0257320126694989,2.59999999999999,0.25,-0.299999999999997,0.3333333333333
155,Estonia,2015,-0.0254201117434008,0.0291715787552107,0.0225102123590002,1.90000000000001,-1.3,2.4666666666667,0.0666666666667055
156,Estonia,2016,0.0286686987993008,0.0112904714180004,0.0245048391417004,0.5,1.5,0.200000000000003,0
157,Estonia,2017,0.0573155461587991,0.0342122530611597,0.0277339339397003,-1.06666666666671,10.5333333333333,0.400000000000006,-0.3333333333333
158,Estonia,2018,0.0437490098530997,-0.00772931471747995,0.0275734448193994,1.56666666666671,-1.23333333333329,-1.3666666666667,-0.0333333333334025
159,Estonia,2019,0.049598801538,0.01046583996553,0.0325085760055011,-3.1333333333333,-0.766666666666708,-1.1333333333333,-3.6333333333333
161,Finland,2001,0.00722204044979868,0.0131310823530999,0.0249067905789993,1,23.2,0.0499999999999972,0
162,Finland,2002,-0.00425753014510022,0.0142618041190694,0.0213448527092996,1,0,5.84999999999999,7.2
163,Finland,2003,0.0189606553143005,0.00529852311220047,0.0219442940468007,-0.5,-0.349999999999994,0.0499999999999972,0.599999999999994
164,Finland,2004,0.0459815714281007,0.0123102869327099,0.0235273773008995,-1,-0.200000000000003,0.650000000000006,-0.533333333333303
165,Finland,2005,0.0657227333341002,0.0148726178458194,0.0239697318412997,0,-1.1,-11.2,0.133333333333312
166,Finland,2006,0.0207974696419999,0.0214509143421306,0.0233329661521999,0,3,3.56666666666671,0.733333333333292
167,Finland,2007,0.0839176380011999,0.0255202152637892,0.0279260199449016,-0.5,0.149999999999999,-0.933333333333408,4.73333333333341
168,Finland,2008,0.0376225966526995,0.0252594710612009,0.0260469031871988,0,3.39615000000001,-0.232445709999993,-0.200000000000003
169,Finland,2009,-0.0867917486290004,-0.0328276577455497,0.0166031404049996,1.5,-0.263800000000003,-0.942712803333308,-0.0666666666667055
170,Finland,2010,0.0344383083664006,0.00339186303133943,0.0174607313194013,-4.5,2.71765,-3.19150815333329,2.23333333333331
171,Finland,2011,0.0184197198405993,0.01652948352951,0.0190760310768994,-0.5,-3.25,-0.200000000000003,3.3666666666667
172,Finland,2012,-0.00921152278739967,0.00728666921795984,0.0181899389868008,1.5,-10.6,0.5,-0.1666666666667
173,Finland,2013,-0.0437618901097991,-0.00695853793255985,0.0149944025118991,1,4.25,0.3333333333333,1.56666666666669
174,Finland,2014,-0.0028127327533003,-0.000520260796349703,0.0137023007187995,-0.299999999999997,-2.55,-0.200000000000003,0.3333333333333
175,Finland,2015,0.0161540881821995,0.00355196440949079,0.0135818066168003,-2.2,-2,2.76666666666669,0.0666666666667055
176,Finland,2016,0.0247961986326004,0.00961836710570907,0.0178525279865003,0,-1.35,-0.3333333333334,-1.6666666666667
177,Finland,2017,0.0314069818169003,0.0123245699498504,0.0197236677124995,-1.73333333333331,14.3166666666667,0.800000000000011,-0.3333333333333
178,Finland,2018,0.0104769410981991,0.0293590196913804,0.0208745645755002,-0.599999999999994,2,-0.766666666666609,-0.033333333333303
179,Finland,2019,0.0181063329656013,0.0177586059933788,0.0192337596943997,0.599999999999994,3.5,-0.633333333333397,-0.299999999999997
181,France,2001,0.0263938377407005,0.00590484427380034,0.021683780209802,-0.5,2.6,0.549999999999997,0.0666666666665989
182,France,2002,0.00530401068239961,-0.0119447652649995,0.0193801173981996,0.5,0.0500000000000007,-1.15000000000001,0.533333333333403
183,France,2003,-0.0244808524924007,0.00861738829000025,0.0190644996687013,0,2.05,2.15000000000001,0.599999999999994
184,France,2004,0.0202971629152007,0.0226523866679997,0.0197406219215992,-2,0.899999999999999,-0.299999999999997,6.1333333333333
185,France,2005,0.0809522428651004,0.0127816436549999,0.0201621874244999,3,-1.55,-8.10000000000001,0.133333333333312
186,France,2006,0.0249819855265994,0.00472865928669997,0.0209637556597002,1,1.05,6.60000000000001,-5.93333333333331
187,France,2007,0.0456655709141991,0.0340781682249993,0.0225568148289987,2,1,-1.93333333333331,3.06666666666671
188,France,2008,0.00871839155080068,0.0146093534631007,0.0211935233696998,-0.5,3.2912,0.432864100000003,6.4666666666666
189,France,2009,-0.0320657532284994,-0.012916503439401,0.0149560701793021,-0.5,-0.517774500000002,-3.9815803966667,-0.066666666666606
190,France,2010,0.0409935002137001,0.0125911353797008,0.0155253219506974,3,2.2265745,2.34871629666671,-2.76666666666669
191,France,2011,0.0282507014029001,0.0186067131597003,0.015651591563703,0,-0.549999999999997,0,1.7
192,France,2012,0.0131233768794985,0.00667252167929888,0.0148464870188967,-0.5,-4.8,-1.0333333333333,-0.1666666666667
193,France,2013,-0.00960735319839934,-0.00313714168919965,0.0136394686478027,1,-0.25,-0.6666666666667,3.23333333333339
194,France,2014,0.00199986268710006,0.00433165038450056,0.0129338235489982,-0.0499999999999972,-2.3,-2.60000000000001,2
195,France,2015,0.0183822038345003,0.00971008159690001,0.012545919245202,0.549999999999997,-2,-2.19999999999999,0.066666666666606
196,France,2016,0.012889842771699,0.0150832163948991,0.0129582933164976,-1,0.100000000000001,-0.0666666666667055,0
197,France,2017,0.0369307306525002,0.00583679843410145,0.0142576307816995,1.3,10.4333333333333,0.900000000000006,-0.3333333333333
198,France,2018,0.0112005638744002,0.0102542395593996,0.0147234541969006,-1.8666666666667,1.4,1.03333333333329,1.6333333333333
199,France,2019,0.0153248823860999,0.0248042711120995,0.0157078865772995,-1.76666666666659,2.1333333333334,-0.433333333333295,-0.299999999999997
201,Germany,2001,0.0134634426662998,-0.00674300433949959,0.018928319095199,0.5,5.90000000000001,0.650000000000006,6.6666666666667
202,Germany,2002,-0.00354686103120017,-0.0094855846682993,0.0141620741802981,-2,5.7,-0.700000000000003,0.533333333333303
203,Germany,2003,0.0241188117772992,-0.0118595948888007,0.0125859726678002,-1,-2.05,-0.700000000000003,0.599999999999994
204,Germany,2004,0.0284040682726996,0.00563067529970063,0.0118315211688014,-0.5,0.0499999999999972,0.25,-0.533333333333303
205,Germany,2005,0.0485740491530002,-0.00592215191910128,0.0115093849499992,2,0.600000000000001,-9.6166666666667,0.133333333333312
206,Germany,2006,0.0228641436175998,0.023528759925501,0.0141238006806006,2.5,2.75,4.60000000000001,0.733333333333292
207,Germany,2007,0.0546925572079005,0.0189306991516993,0.0143222882551015,0,1.3,-1.9999999999999,1.40000000000001
208,Germany,2008,0.0229869651690002,0.0109970134891011,0.0136758586204984,-1,-1.33065,1.0270228433333,-0.200000000000003
209,Germany,2009,-0.0696989162488002,-0.0251548165711011,0.00809359367000084,-1,2.092,-1.08132968,-0.066666666666606
210,Germany,2010,0.0486208343007011,0.0220288679029999,0.0104674898643005,0.5,1.53865,-1.67902649666671,2.23333333333331
211,Germany,2011,0.0501290290020986,0.0159573241668003,0.0132154366103983,0.5,0.75,1.56666666666671,0.033333333333303
212,Germany,2012,-0.00785086911739974,-0.00173856623809954,0.0123316975247008,-0.5,-3.85,0.433333333333295,-0.1666666666666
213,Germany,2013,0.00227736187379968,5.58083174002633E-05,0.0111528496693012,0.5,2.8,0.566666666666706,3.23333333333329
214,Germany,2014,0.0343610468189013,0.0114436983459996,0.0121665239030975,0.0499999999999972,0.150000000000006,0,2
215,Germany,2015,-0.0108491419244015,0.00575564535600037,0.0122015096617005,-1.05,0.75,1.26666666666659,0.0666666666667055
216,Germany,2016,0.0294386909502009,0.0055166317394999,0.0132072254325024,0.5,0.949999999999996,1,0
217,Germany,2017,0.0453897619656001,0.0136094793178003,0.013519710945598,-4.4666666666666,13,-2.8666666666666,-3.6666666666667
218,Germany,2018,0.0062384688843995,0.0158752152907997,0.0141866331859006,-1.93333333333341,0.0666666666666913,3.43333333333331,-0.033333333333303
219,Germany,2019,0.0028767898383002,0.00895773848099957,0.0144339862784015,0.766666666666708,0.5,-3.8666666666667,-0.299999999999997
221,Greece,2001,0.0373805720283986,0.0075327106812999,0.0252114094303,0,-0.649999999999999,1.40000000000001,6.7333333333333
222,Greece,2002,0.0401399796330004,0.0285249063907003,0.0223665029683993,-10,-0.399999999999999,0.199999999999989,-6.1333333333333
223,Greece,2003,0.00584107127439992,0.0213014957503006,0.0276427965370996,-3.5,1.5,-0.0999999999999943,0.599999999999994
224,Greece,2004,0.0454790051362011,0.0260140973212,0.0269576769440008,0,2.05,-0.200000000000003,-0.533333333333395
225,Greece,2005,0.0211685133480994,0.0383634598750007,0.0189713390516992,0.5,0.400000000000006,-5.98333333333329,0.133333333333397
226,Greece,2006,0.0752034652897997,0.0138664920130989,0.0265591408548005,0,1.25,2.09999999999999,0.733333333333299
227,Greece,2007,0.000647353934599693,0.00574472370639967,0.0318645035425007,0,0.449999999999996,-1.4666666666667,-3.59999999999999
228,Greece,2008,0.0292181846043995,0.0080820435163016,0.0241993835995995,0.5,3.7912,0.528611226666698,3.1333333333333
229,Greece,2009,-0.032995498341899,-0.0201080211494009,0.0152410961844005,1,-5.2668,3.68255136000001,-0.0666666666665989
230,Greece,2010,-0.0784796598296005,-0.0563209284621991,0.00566951957110007,5.5,-2.5244,-2.8778292533334,7.2333333333333
231,Greece,2011,-0.098370206484999,-0.0591633618600014,-0.00349499140719978,-9.5,-3.8,0.633333333333397,0.033333333333303
232,Greece,2012,-0.0433754886343003,-0.0485225877083995,-0.00803867041380002,-1.5,-9.35,-8.8333333333334,-0.1666666666666
233,Greece,2013,0.00123088570969898,-0.0141157620568002,-0.00809635971220146,-5.5,4.7,2.3666666666667,-1.76666666666671
234,Greece,2014,-0.0123822860945992,0.000547656960000253,-0.00823803677669943,-0.399999999999999,-2.90000000000001,4.4666666666667,-1.3333333333333
235,Greece,2015,0.00810873685959912,0.0220351613034993,-0.00806342270129967,3.4,-10.45,-1.09999999999999,0.066666666666606
236,Greece,2016,-0.0238323328399996,0.0111911643904001,-0.0070097283681001,1.5,0.100000000000001,-0.3333333333334,-3.3333333333333
237,Greece,2017,0.0208863595265996,0.0274889358676003,-0.00474237176250014,8.4666666666667,9.3333333333333,0.599999999999994,-0.3333333333333
238,Greece,2018,0.000240052236501143,0.0211392921961995,-0.00629828042190006,-0.233333333333398,9.0666666666667,2.09999999999999,-1.7
239,Greece,2019,0.0176098957821988,0.0207197347565007,-0.00711429866779945,-3.2,3.2,-1.36666666666659,3.0333333333333
241,Hungary,2001,0.0560119112292004,-0.0064593715983996,0.0296099089545994,1,2.2,1.85000000000001,0.399999999999992
242,Hungary,2002,0.0524870415173009,0.00130181097079962,0.0319671707944007,0,-7.05,0.699999999999989,0.733333333333306
243,Hungary,2003,0.0344795166243994,0.0148118066127996,0.0296051784391995,0.5,-2.8,-2.05,-1.3333333333333
244,Hungary,2004,-0.0116229186526997,0.000109469167700382,0.0325257031518014,-2,-1.1,1.55,0
245,Hungary,2005,0.1024289410755,-0.0113493905212998,0.0322516009533,-0.5,3.9,-0.5833333333333,-2
246,Hungary,2006,-0.000569829271000799,0.00555658634310063,0.0298566626631995,0,0.899999999999999,0.266666666666708,4.1333333333333
247,Hungary,2007,0.00570664221540085,-0.0133861161149014,0.029550475374899,1,0.149999999999999,0.299999999999898,-1.93333333333329
248,Hungary,2008,0.0785706102427,-0.00711814166039915,0.0270273818140012,1,0.466250000000002,2.14448717000001,6.4666666666667
249,Hungary,2009,-0.0376926449972004,-0.0296313592985999,0.0190903832668994,0.5,-3.38685,-0.7793255666666,-0.0666666666667055
250,Hungary,2010,0.0547644147754998,0.00698285417020017,0.0123598080055007,-3.5,2.3706,-0.365161603333405,-1.09999999999999
251,Hungary,2011,0.0217357119711004,-0.00159805526729961,0.0108481504300997,0,1.3,0.533333333333403,0.033333333333303
252,Hungary,2012,-0.0129208686468001,0.0057488763087985,0.00854613259359915,0.5,2.95,1.1333333333333,-1.8333333333333
253,Hungary,2013,0.00183232618689999,0.0141948467144015,0.0128917521262011,-3,3.2,-0.966666666666697,1.56666666666669
254,Hungary,2014,0.0214086398001996,0.0576786531197993,0.0183563011636991,-1.2,-0.75,0,0.3333333333333
255,Hungary,2015,0.0124516356053004,0.0248359552312998,0.019561745215201,0.200000000000003,-1.65000000000001,0.266666666666694,0.0666666666667055
256,Hungary,2016,0.000928132191100772,0.0496936826913998,0.0107421320378993,-5,0.400000000000006,0.433333333333309,0
257,Hungary,2017,0.0566389664648987,0.0167788752361009,0.0200898306136992,1.6333333333333,8.59999999999999,-0.866666666666603,-0.3333333333334
258,Hungary,2018,0.0343959137901013,0.0163935543885998,0.0278200808615008,-0.766666666666595,2.1666666666667,0.6666666666666,1.6333333333334
259,Hungary,2019,0.0439085562820001,0.0189944852210999,0.0331567866022002,-3.23333333333341,1.6333333333333,-4.8333333333333,-0.299999999999997
261,Iceland,2001,0.0500556445211604,0.0263789710120799,0.0229217562339006,-0.5,-0.950000000000003,-1,0
262,Iceland,2002,-0.00241960273381103,-0.0270833371221393,0.0144637449262994,-0.5,-7.1,6.05,-0.0666666666666913
263,Iceland,2003,0.00477920508163976,-0.0085210631719308,0.0186444014467,0.5,2.2,1.5,-1.46666666666671
264,Iceland,2004,0.0525931080583799,0.00910548381743048,0.0300939845679995,1,-7.7,0.25,0.133333333333411
265,Iceland,2005,0.0900471311709108,0.0331582163747299,0.043495291385101,1,3.40000000000001,-5.69999999999999,13.3333333333333
266,Iceland,2006,-0.02700328833253,0.0440133442783504,0.0544449468397001,-0.5,1.15,3.69999999999999,-6.6666666666667
267,Iceland,2007,0.0537402869207497,0.0307032176333495,0.042187660155399,1,4.75,-1.76666666666669,-1.40000000000001
268,Iceland,2008,0.242802343694631,0.01619788218055,0.0275582928163001,-0.5,2.35265,-2.28569999666659,0.3333333333334
269,Iceland,2009,-0.154245754291011,-0.1243628572679,-0.00596972924459926,-2,0.168750000000003,-2.75716772333341,4.3333333333333
270,Iceland,2010,-0.0838800189892801,0.00342831650699971,-0.0102024804095002,-1.5,0.4786,-1.72379894666659,-5.0333333333333
271,Iceland,2011,0.0259388661980111,0.0312280384777601,-0.00517444291000047,-1,-25.7,-0.566666666666706,0.100000000000009
272,Iceland,2012,0.0397848844049697,0.0185347765918804,-0.00280445465909907,-1,12.75,1.1333333333333,0
273,Iceland,2013,-0.00603696306759005,0.0278996752582597,-0.00163316497279986,-1,6.8,0.266666666666708,-0.133333333333411
274,Iceland,2014,0.015852065311579,0.0176937753074702,0.00413333006139993,0.599999999999994,-1.55,0.0333333333332888,1.7
275,Iceland,2015,0.0447535698912116,0.0297531616848099,0.0114951607771001,-3.09999999999999,-0.600000000000001,1.13333333333341,0.0333333333334025
276,Iceland,2016,0.0306588118523301,0.0360076030967598,0.0176636802525003,0.5,5.40000000000001,0.5,-0.0666666666667055
277,Iceland,2017,0.0318018053959097,0.0261676388148704,0.0209731866702985,-8.5,9.8333333333333,0.933333333333295,3.40000000000001
278,Iceland,2018,0.0169033524843503,0.00703945820222973,0.0190081908402,2.8666666666667,2.6666666666667,-0.3333333333333,5.1666666666667
279,Iceland,2019,0.0584801914055699,0.00202132821971013,0.0154089931382,-0.533333333333403,0.933333333333295,0.400000000000006,-0.5
281,Ireland,2001,0.0725104125135996,0.0314350786857212,0.0631531647275008,-2.5,5.14999999999999,0.399999999999992,13.3333333333333
282,Ireland,2002,0.114598490102299,0.0116251278552593,0.0610679228277,-2.5,0.800000000000011,-2.39999999999999,0.533333333333403
283,Ireland,2003,0.0884007421285009,0.0171156475694296,0.0620809997164002,1.5,-0.0500000000000114,-0.300000000000011,0.599999999999895
284,Ireland,2004,0.0577756388001998,0.0343382717540113,0.0649646026030997,-3,1.2,-0.0499999999999972,-0.533333333333303
285,Ireland,2005,0.0977715801928003,0.0566178208051493,0.0733014377599002,3,-0.5,-1.14999999999999,0.133333333333312
286,Ireland,2006,0.0296374416529002,0.0430895626742807,0.0714063051020002,0,-0.200000000000003,4,0.733333333333391
287,Ireland,2007,0.0880125970867987,0.0345293054626499,0.0632989590333004,-0.5,0.450000000000003,0.0999999999999943,1.40000000000001
288,Ireland,2008,-0.0466754932231996,-0.0112070905324515,0.0467134005362997,0,-0.802899999999994,0.349556406666693,-0.200000000000003
289,Ireland,2009,-0.0442189968733988,-0.0857383290703684,0.0284331076343989,0.5,-0.92295,-0.668878496666693,-0.0666666666667055
290,Ireland,2010,0.0152467758374986,-0.079234247212991,0.0148232063355014,1,-0.62415,-2.08067791000001,-1.09999999999999
291,Ireland,2011,0.021684774406701,-0.00362719397926981,0.0127746067094989,1.5,-6.85,-0.199999999999989,-4.9666666666667
292,Ireland,2012,0.0166448833104997,0.000254934683310282,0.019857732737,0,-7.45,-0.766666666666708,-0.1666666666666
293,Ireland,2013,-0.00158963053280026,0.0340757654653192,0.0141935858411006,-2.5,-0.850000000000001,-1.7,-0.100000000000009
294,Ireland,2014,0.0764395596932008,0.0350443234592213,0.0241222075978005,-0.0999999999999943,1,0.600000000000108,0.3333333333333
295,Ireland,2015,0.2686923713109,0.04478257453016,0.0529604459699993,-3.90000000000001,7.3,-0.800000000000097,0.0666666666667055
296,Ireland,2016,0.0754436543401003,0.0356380691306786,0.0863555770567004,3.5,2.35,-1.6666666666666,0
297,Ireland,2017,0.0791035488931993,0.0431560542328899,0.0661231563226004,-1.2,1.4166666666667,1.43333333333329,-0.3333333333334
298,Ireland,2018,0.0679092713249005,0.0439325130579906,0.048362080875,1.10000000000001,12.1333333333333,1.3666666666667,-0.033333333333303
299,Ireland,2019,0.1262627897888,0.0279896250465406,0.113878327000599,-4.5,5.40000000000001,-0.0666666666667055,-0.299999999999997
301,Italy,2001,0.00034625258870058,0.0231098069748992,0.0237431319979002,0.5,3.75,0.400000000000006,0.0666666666667055
302,Italy,2002,-0.0136759318592006,0.0221166717196013,0.0243605361985004,-0.5,3.3,-0.5,0.533333333333303
303,Italy,2003,0.00441308274680097,0.0185182382389986,0.0224103635204003,4.5,-2.15,-0.400000000000006,0.599999999999994
304,Italy,2004,0.00588791831469848,0.0137655807042005,0.0222223877914978,-1.5,2,0.0500000000000114,-0.533333333333303
305,Italy,2005,0.0400166262199004,0.0123069293323006,0.0218064161394018,0.5,-2.2,-1,0.133333333333312
306,Italy,2006,0.0366449422194997,0.0292287171563004,0.0218355064113993,-12.5,2.05,3,-5.93333333333331
307,Italy,2007,0.0463709322295003,0.0217792607850988,0.0212477686905999,1,1.6,-2.10000000000001,3.06666666666661
308,Italy,2008,0.0222019657556007,0.000195686388000382,0.0180388059758982,-0.5,-0.284549999999996,0.0502665566666991,-0.200000000000003
309,Italy,2009,-0.0403490503482011,-0.0277724654119993,0.0119865258397027,1.5,-1.61565,-3.7470942966667,-0.066666666666606
310,Italy,2010,0.0118478732438003,0.00294745884109915,0.011875977320198,0.5,2.9502,-1.90317225999999,3.90000000000001
311,Italy,2011,0.0250287739279997,0.00887716022299934,0.0106434458319988,-5,-1.2,-3.76666666666671,0.033333333333303
312,Italy,2012,-0.0213287112457987,-0.0168974902923988,0.00588079273770248,-2,-4.8,-0.466666666666598,-0.1666666666667
313,Italy,2013,-0.0241081756210004,-0.0274651038923004,0.00315852006700013,0,3.2,2.23333333333331,1.56666666666669
314,Italy,2014,-0.00623812272799995,-0.000149290269000346,0.00244891655570001,-0.25,0.149999999999999,-0.733333333333306,2
315,Italy,2015,0.00375483688499934,0.0167538483770997,0.00310088360840055,4.75,-1.84999999999999,0.533333333333303,0.0666666666667055
316,Italy,2016,0.0478839128379001,0.0248633288237006,0.00441037806279709,-2.5,0.25,-0.233333333333306,0
317,Italy,2017,0.0356563499298996,0.0176249265583994,0.00520328549670168,11.7333333333333,9.0833333333333,0.600000000000009,-3.6666666666667
318,Italy,2018,0.00892925279550028,0.0168928944447,0.00597180555029908,-0.8333333333333,1.1333333333334,-0.266666666666708,-0.033333333333303
319,Italy,2019,0.00328628423340049,0.0102268836727006,0.0062050769939006,-2.3333333333333,1.9666666666666,-0.6666666666667,-0.299999999999997
321,Latvia,2001,0.0705501722266,0.0332749965595411,0.0182538791822005,3.5,8.45,2.34999999999999,-0.3333333333334
322,Latvia,2002,0.0331664679763009,-0.000983383400530613,0.0119868047019001,0,-7.2,0.600000000000009,0
323,Latvia,2003,0.0204339570706988,0.0084060647740003,0.0124843748229999,0,4.95,0.25,-0.466666666666598
324,Latvia,2004,0.0367663447779005,-0.015068280463101,0.0212898243118005,1.5,4.05,0.450000000000003,0.399999999999992
325,Latvia,2005,0.124896790890199,0.0313474840144501,0.0271977421695002,0.5,-4.05,-5.13333333333331,0.066666666666606
326,Latvia,2006,0.0560603959500003,0.0581821259900313,0.0272052046174984,1,-0.900000000000006,1.3666666666666,0.799999999999997
327,Latvia,2007,0.0826368187025004,0.0226664795273592,0.0316205857852001,1,5.34999999999999,-2.26666666666659,1.40000000000001
328,Latvia,2008,0.0548148136281998,0.0580545764350795,0.0215513437118009,5,-1.33539999999999,-0.967649813333409,-0.200000000000003
329,Latvia,2009,-0.1404438546435,-0.17153421164417,0.00474238528440019,0.5,-0.893000000000001,-2.07223903666659,-3.40000000000001
330,Latvia,2010,0.0320715920727004,-0.0647189330720597,-0.00171645749060012,1,-0.321600000000004,-2.49344448333341,0.566666666666706
331,Latvia,2011,0.0932335702591995,0.0342493023249197,0.00547672303570046,-5,-1.05,2.8666666666667,0.033333333333303
332,Latvia,2012,0.0374660149364008,0.0103898160567599,0.0097765012819,-1,-4.95,2.1666666666667,-0.1666666666666
333,Latvia,2013,-0.00617385754090094,0.0228983962055302,0.00634471063289865,-0.5,4.95,1.43333333333329,-0.100000000000009
334,Latvia,2014,0.0285942250255999,-0.00577013429076878,0.00606128593020117,0.799999999999997,0.75,4.10000000000001,2
335,Latvia,2015,0.0339376059256011,-0.00408798940741129,0.00538339616320016,4.7,2.05,-1.10000000000001,0.066666666666606
336,Latvia,2016,0.0194404517005999,-0.000707343723130194,0.00195101527529928,1,-0.200000000000003,-1.5,3.3333333333334
337,Latvia,2017,0.0513249465792001,-0.00710552020896849,0.00497784633489928,14.0333333333334,7.43333333333331,5.1333333333333,-3.6666666666667
338,Latvia,2018,0.0360099656506989,0.0236260168579587,0.00895946938380021,-9.0000000000001,0.399999999999992,0.533333333333403,3.3
339,Latvia,2019,0.0205352076656009,-0.0182695997163691,0.00853846365920141,-7.1333333333333,-2.43333333333329,-2.6666666666667,-0.299999999999997
341,Lithuania,2001,0.0673213983459995,-0.0354337663939894,0.0150678677790985,4,5.09999999999999,6.25,0.599999999999994
342,Lithuania,2002,0.0208579793112005,0.0305704795800903,0.0180438498823001,1.5,-0.299999999999997,1.44999999999999,0
343,Lithuania,2003,0.0965004322812,0.0235284620286702,0.0235300368146003,3.5,3.45,0.200000000000003,5.8666666666667
344,Lithuania,2004,0.0097226739271008,0.0523695665993795,0.0286663710681996,0,1.55,1,6.60000000000001
345,Lithuania,2005,0.121216379194799,0.02438743860864,0.031338773058101,-0.5,-2.75,-8.0833333333333,1.26666666666659
346,Lithuania,2006,0.0609170406239006,0.00281037880612089,0.0392209151571006,-0.5,-0.549999999999997,5.60000000000001,-0.533333333333303
347,Lithuania,2007,0.0808288113495994,0.0390329642844893,0.0489764613607999,1,5.25,-3.3333333333334,-1.93333333333329
348,Lithuania,2008,0.0544649852986012,0.00314715097080054,0.0391826591024991,0,-1.3242,-0.779145123333308,-0.200000000000003
349,Lithuania,2009,-0.148540664143701,-0.115510975223811,0.00800268606040078,0,-0.854849999999999,-2.52130948,-0.0666666666667055
350,Lithuania,2010,0.0717966701341002,-0.0103392134791385,0.00880297357229942,1.5,-2.42095000000001,-0.499545396666704,2.23333333333331
351,Lithuania,2011,0.1075201828262,0.00667804712916009,0.0169636865604002,4,-2,0.1666666666667,1.7
352,Lithuania,2012,0.0570776487406004,0.0235751644999986,0.0143574696989006,0.5,-4.39999999999999,3.76666666666671,-0.1666666666666
353,Lithuania,2013,0.000857164338800232,0.00772227040691043,0.0176310697949997,-1,5.55,-1.0333333333334,-0.100000000000009
354,Lithuania,2014,0.0329523298914989,0.0167731997215803,0.0195079987003997,0.950000000000003,1.2,1.09999999999999,0.3333333333333
355,Lithuania,2015,-0.00347021895169952,0.0290087993036394,0.0210323759009992,3.55,2.69999999999999,1.60000000000011,0.0666666666667055
356,Lithuania,2016,0.0189297843052998,0.0382562920188505,0.0207637068020006,3,1.25,-1.1666666666667,0
357,Lithuania,2017,0.0449153808103002,-0.0258401409225399,0.0234199022723995,6.8666666666667,3.18333333333331,2.7,-7
358,Lithuania,2018,0.0202040841524997,0.0170110929918206,0.0268183627749998,-4.56666666666671,0.799999999999997,-1.63333333333341,3.3
359,Lithuania,2019,0.0343049697340998,0.00455696387849969,0.0280706538913016,-2.93333333333329,0.599999999999994,-1.4666666666666,-0.299999999999997
361,Luxembourg,2001,-0.0614334501433991,0.0509993478992596,0.0325302591815007,0.5,-3.59999999999999,0.149999999999991,13
362,Luxembourg,2002,-0.0268453739288006,0.0311926854125106,0.0275680881588993,-1,-1.3,-1.7,0.533333333333403
363,Luxembourg,2003,-0.0284361184062991,0.0214654626383499,0.0393077984402996,0.5,1.25,-0.25,0.599999999999895
364,Luxembourg,2004,-0.0735138840158012,0.0267711386646301,0.0350685333947993,1.5,-5.5,0.300000000000011,-0.533333333333303
365,Luxembourg,2005,0.231553456645202,0.0157270749692495,0.0488215408177002,-1.5,1.5,-11.05,0.133333333333312
366,Luxembourg,2006,-0.00308538082820142,0.0525972377955402,0.0334405612167004,-1.5,-0.399999999999999,-2.76666666666669,0.733333333333391
367,Luxembourg,2007,0.0720758558253003,0.06898404690868,0.0377547561749001,0.5,3.4,-3.0333333333333,-1.93333333333329
368,Luxembourg,2008,-0.00661467061769905,0.0635517372920997,0.0432551466068993,0.5,0.448,-0.144657953333294,-0.200000000000102
369,Luxembourg,2009,-0.0682453078257002,-0.00565161232767952,0.0246223767342002,-1,5.2546375,-1.00914986333341,-0.066666666666606
370,Luxembourg,2010,0.1347642065431,0.0350141734370197,0.0303223269546002,-0.5,1.8473625,-2.3461921833333,2.23333333333331
371,Luxembourg,2011,0.00765764899970023,0.0413297643899302,0.0391398963059011,-0.5,0.399999999999999,2.73333333333331,0.0333333333334025
372,Luxembourg,2012,0.0508119162019991,0.0307721535991501,0.0369229347019999,1.5,-7.5,-1.4999999999999,-0.1666666666667
373,Luxembourg,2013,-0.021788988263399,0.0268903499654698,0.0340849676654003,0,0.949999999999996,-1.6666666666667,-0.100000000000009
374,Luxembourg,2014,0.172367041285799,0.0397161576900995,0.0372533872132994,-0.450000000000003,-0.849999999999994,0.5,0.3333333333333
375,Luxembourg,2015,0.0956352772589,0.0426988441283802,0.0301555053538003,-2.05,-2.95,-0.1666666666667,0.0666666666667055
376,Luxembourg,2016,0.0708140756141997,0.0411323076530099,0.0310439754551002,1,-0.200000000000003,1.8,0
377,Luxembourg,2017,0.0676929901751002,0.0436260412755605,0.0306644121678001,-5.6333333333333,17.7833333333333,-0.299999999999997,-0.3333333333334
378,Luxembourg,2018,-0.0016241878395995,0.0527168778369598,0.0262562724263997,-0.5,1.0333333333334,1.4666666666667,-0.033333333333303
379,Luxembourg,2019,0.0397716361903999,0.0502179024866702,0.0280818701497996,0.533333333333303,-0.566666666666706,-1.90000000000001,-0.299999999999997
381,Malta,2001,-0.11371412428702,-0.0162299768322294,0.0458473148616996,10,3.5,0.799999999999997,4.2
382,Malta,2002,0.0245194197644789,0.0361926261956995,0.0295816636168009,0,-6.05,2.3,0.599999999999994
383,Malta,2003,0.0505275392319113,-0.00772311967380013,0.0547430076457989,0,2.4,7.85000000000001,-10.1333333333333
384,Malta,2004,-0.0546801333860607,-0.0364083325857001,0.0501921980497002,10,-12.85,2.39999999999999,6.8
385,Malta,2005,0.12213438445559,0.0508254451696102,0.0603154957522012,0,13.95,-7.89999999999999,10.1333333333333
386,Malta,2006,-0.0156902175874993,0.0231310302113306,0.0565163040136003,9,-2.45,-5.23333333333331,-4.4666666666666
387,Malta,2007,0.0509331945830898,0.0235806758022097,0.0561754662373986,-1,-4.4,-1.6666666666667,1.40000000000001
388,Malta,2008,-0.00120559755082006,0.0326794421192203,0.0409298660055004,-1,0.814149999999998,-0.0588027133332929,-0.200000000000003
389,Malta,2009,-0.00371758855941984,0.0059532314277595,0.0272194880179999,-3,7.1685,0.966315266666598,-3.40000000000001
390,Malta,2010,0.0461873641582198,-0.00280794320793021,0.0426363997574999,-5,1.66735,-1.5408458866666,7.23333333333331
391,Malta,2011,0.059020686233799,0.00855001573549075,0.0231860345302,-8,-2.9,0.6666666666666,1.7
392,Malta,2012,0.0273731470582899,0.0172916498790192,0.0228237810536012,2,4.65,0.133333333333397,-0.1666666666667
393,Malta,2013,-0.0241091038088594,0.0268655020269302,0.0215994352821998,2.5,-3.15,-1.2,3.23333333333339
394,Malta,2014,0.0397077791187606,0.0248365990527599,0.0244166909144994,-0.0999999999999943,2.8,-4.06666666666669,-1.3333333333334
395,Malta,2015,0.170053643834279,0.0244131581028801,0.0608819868087007,0.0999999999999943,-1.7,1.23333333333329,0.0666666666667055
396,Malta,2016,0.0179555936278302,0.0576700532554399,0.0493478115057986,-3,1.45,0.0666666666667055,1.6666666666667
397,Malta,2017,0.0312192939815397,0.0148387188021601,0.0366788216106002,-1.1,9.06666666666669,1.5333333333333,-0.3333333333334
398,Malta,2018,0.0988991603912712,0.0407741276787501,0.0336678686311007,-1.1333333333333,4.30000000000001,0.233333333333391,-0.033333333333303
399,Malta,2019,0.0081673561856892,0.0431124463830601,0.0359941688410999,-3.4333333333334,3.03333333333329,0.900000000000006,-0.299999999999997
401,Netherlands,2001,0.0132794200009005,0.0151624208243,0.0249744566086996,0,-0.750000000000004,2.39999999999999,6.73333333333331
402,Netherlands,2002,0.00398326039549879,-0.00173988673300052,0.0204320089000998,-0.5,9.75,-0.549999999999997,0.533333333333403
403,Netherlands,2003,0.00152265025499965,-0.00666958506490012,0.0182861287886009,-0.5,-1.7,-0.899999999999992,0.599999999999895
404,Netherlands,2004,0.0193886817241999,0.00839220794960127,0.017343871900799,1,-1,0.199999999999989,-0.533333333333303
405,Netherlands,2005,0.127538996326301,0.00326757672039868,0.0180611383697009,-0.5,-1.9,-4.5,0.133333333333312
406,Netherlands,2006,0.0258781794069005,0.026104015373301,0.0205850636011,-1,1.7,6.90000000000001,0.733333333333391
407,Netherlands,2007,0.0671121164986985,0.0340076602871999,0.0268672911602987,-0.5,3.3,0.433333333333295,-1.93333333333329
408,Netherlands,2008,0.0403788842011004,0.0195724376160005,0.0224395830127015,0.5,3.0364,0.822318693333401,3.1333333333333
409,Netherlands,2009,-0.0875364646261989,-0.0121717173428006,0.0161736514562989,1.5,-1.33705000000001,-1.30439247333339,-0.0666666666667055
410,Netherlands,2010,0.00566410761629932,-0.00483337512880055,0.0120237360466007,-0.5,1.65065000000001,-4.71792622,-2.76666666666669
411,Netherlands,2011,0.0235688476217,0.0118466437510012,0.0133916849210998,0,-1.5,0.0666666666666913,0.0333333333334025
412,Netherlands,2012,0.0236855592600005,-0.00516973463490089,0.00910600013719964,-0.5,-7.65000000000001,0.866666666666703,-0.1666666666667
413,Netherlands,2013,0.0457890991168988,-0.00455099251390045,0.00768687452390005,0.5,2.35,-0.933333333333394,-0.100000000000009
414,Netherlands,2014,-0.0479176696806984,0.0102624502818998,0.00615870281569997,-0.5,0.25,2.1666666666667,0.3333333333333
415,Netherlands,2015,-0.00818100602570127,0.0121051538242014,0.0182731116432997,-2.5,-0.850000000000001,0.399999999999992,0.0666666666667055
416,Netherlands,2016,-0.00191806949989903,0.0246410278514002,0.0115907163236013,0,5.75,-1,0
417,Netherlands,2017,0.0553200500574,0.0239113097630987,0.0139516090672984,-5.5,14.1833333333333,3.0333333333333,-0.3333333333333
418,Netherlands,2018,0.0148522360612997,0.0261147630156007,0.0154028063283,1.6666666666667,2.2,-2.3333333333333,-0.0333333333334025
419,Netherlands,2019,0.0139256418516993,0.0230095160451,0.0170015442631009,1.26666666666659,2.6666666666667,-1.26666666666669,-0.299999999999997
421,Norway,2001,0.0121897543109988,-0.00914748218037964,0.0223809634359,-0.5,-3,-0.0499999999999972,-6.6666666666667
422,Norway,2002,-0.0369540872739993,-0.0108876999455809,0.0206454554302002,1,-0.100000000000001,-0.5,0.600000000000001
423,Norway,2003,0.0735023789692999,-0.0214398289532198,0.019413831059099,-2.5,-0.350000000000001,2.39999999999999,0
424,Norway,2004,0.0657678053204993,0.0207204655793802,0.0241513572693002,-0.5,-4.9,1.10000000000001,-0.3333333333333
425,Norway,2005,0.216932794626601,0.0187557144337607,0.0296026315883005,1.5,-1.9,-9.88333333333331,0.600000000000001
426,Norway,2006,0.0859063957020005,0.0340671418754592,0.0328794665341992,0.5,3.5,8.63333333333331,0.199999999999996
427,Norway,2007,0.0162238317497998,0.0483987044466296,0.0385780980444004,0,1.25,-2.7,1.6666666666667
428,Norway,2008,0.128461809559699,0.0375685599032014,0.0353597441344,-0.5,4.21165,-2.6226614633333,2.33333333333331
429,Norway,2009,-0.168907687920399,-0.01184555540895,0.0275786247732999,-0.5,2.11395,0.0134338433333028,4.3333333333333
430,Norway,2010,0.0822958490986991,0.00926882013283858,0.0213919165397005,-4,-0.275600000000004,-1.5574390466666,1.6666666666667
431,Norway,2011,0.0949673880587998,0.0202745287924913,0.0246006869628008,3.5,1.4,-0.300000000000097,0.0666666666666913
432,Norway,2012,0.0559111601106004,0.0202236987296001,0.0280649607869989,0,-7.65,0.199999999999989,-0.0333333333334025
433,Norway,2013,-0.0204650046000996,0.00769970713230883,0.0305382301059005,2,1.75,1.46666666666671,1.6666666666667
434,Norway,2014,-0.0628201878728003,0.0160757036617802,0.0286692033202005,-0.950000000000003,0.75,0,1.60000000000001
435,Norway,2015,-0.1709007419408,0.0105369769719399,0.0248946302199986,-1.05,1.55,2.59999999999999,0.0999999999999943
436,Norway,2016,-0.0411624171764995,0.00843536470673989,0.0259827052107013,0,-0.450000000000003,-2.56666666666671,-0.533333333333303
437,Norway,2017,0.0428247585534987,0.0050725322988896,0.0256303941829987,-1.90000000000001,16.6666666666667,-0.0666666666665918,-0.0333333333333883
438,Norway,2018,0.0857588186189009,0.0214371659645209,0.0254665633475,2.56666666666671,-3.0333333333334,1.59999999999999,0.0666666666666913
439,Norway,2019,-0.0135504662744008,0.0208984654762503,0.0276334483330007,-2.1333333333333,-1.1333333333333,-0.133333333333397,-1.56666666666669
441,Poland,2001,0.00415431467880012,-0.0154074029341995,0.0393354681745013,-2,7,2,0.933333333333408
442,Poland,2002,0.0225661528307999,-0.0272782132538989,0.0311167236112002,-0.5,4.55,-0.25,7.06666666666659
443,Poland,2003,0.00861295394479988,-0.00303047217840025,0.030185632978899,0,-1.6,1.55,-9.5333333333333
444,Poland,2004,0.0350261285420004,0.0174075336021993,0.0330188146240999,-10.5,-5.85,2.3,0.0666666666666984
445,Poland,2005,0.0511673824991998,0.0248203912817999,0.0367075636634997,-2,-0.700000000000003,-3.2833333333333,2.93333333333331
446,Poland,2006,0.0362951655869992,0.0393663238148001,0.045172297306701,-0.5,4.8,-5,1.06666666666669
447,Poland,2007,0.0847837331186998,0.0501375366836001,0.0556311855195002,-0.5,2.6,-0.0999999999999943,-5.26666666666669
448,Poland,2008,0.062525805435401,0.040466503987501,0.0564144274232987,1.5,-0.675200000000004,0.266037260000005,6.4666666666667
449,Poland,2009,0.0343227106148003,0.00424982572719834,0.0484391894923011,2.5,-0.450150000000001,-1.1726820333334,-0.0666666666667055
450,Poland,2010,0.0928315612554993,-0.0219754552305993,0.0447066075739997,4.5,5.27535,2.50664477333339,0.566666666666706
451,Poland,2011,0.0681337917198004,0.00872157328489998,0.0484857365424993,4.5,-1.95,-0.366666666666688,1.7
452,Poland,2012,0.0198265259351995,0.00437548536850052,0.0425496686389,1.5,-1.55,0.366666666666688,-0.1666666666667
453,Poland,2013,-0.00318002499979997,0.00370391328499942,0.0380932395763001,1,2.15,0.933333333333309,3.23333333333329
454,Poland,2014,0.0110051143242007,0.026830198046401,0.042928036505101,-0.100000000000001,0.149999999999999,1.23333333333329,2
455,Poland,2015,0.0447658406089992,0.025560092057999,0.0438887173558005,2.6,4.95,0.233333333333405,0.0666666666667055
456,Poland,2016,0.0208416710192001,0.0161681373717997,0.0325833742962995,3,-3.59999999999999,0.966666666666598,1.6666666666667
457,Poland,2017,0.0437412216819002,0.00906519775100101,0.0329341507700995,-4.9,5.3333333333333,0.700000000000003,-0.3333333333334
458,Poland,2018,0.0486799173422998,-0.00113741457080074,0.0368920352191005,-1.6666666666667,2.06666666666671,0.700000000000003,-0.033333333333303
459,Poland,2019,0.0459235537453999,0.0147716527050008,0.0384069829752001,-4.4,1.6333333333334,-1.56666666666661,1.3666666666667
461,Portugal,2001,-0.0042425620505,0.00465062885796996,0.0403699570257992,1,0.600000000000001,0.199999999999989,0.0666666666667055
462,Portugal,2002,0.00270972260259939,-0.00222066098933027,0.0346082830615,-1.5,-1.7,-0.25,0.533333333333303
463,Portugal,2003,-0.00499798678210084,-0.0142264505521794,0.0273399661564007,-0.5,-1.3,-1.05,0.599999999999994
464,Portugal,2004,0.000156644646100546,-0.00353051791929104,0.0258595356417999,0,0.5,0.150000000000006,-0.533333333333303
465,Portugal,2005,0.0970246604445997,-0.00303086479603998,0.0242532696783009,1.5,-2.4,-11.65,0.133333333333312
466,Portugal,2006,0.0466850361912012,0.0105589714236807,0.0220901244258993,-1.5,0,1.8333333333333,0.733333333333391
467,Portugal,2007,0.022554390386599,0.0214976126598696,0.0220959500000006,1,2,0.200000000000003,1.40000000000001
468,Portugal,2008,-0.00217599124179912,0.00879216616180045,0.0203242553751988,0.5,-1.87985,0.835159140000002,-0.200000000000003
469,Portugal,2009,-0.0197310394894004,-0.016130526668011,0.0147479632461014,-0.5,1.5592,-0.573695716666606,3.26666666666659
470,Portugal,2010,0.0413422130891998,-0.00265329878101994,0.0133924954531999,-2,0.520649999999996,-1.36146342333339,0.566666666666706
471,Portugal,2011,-0.0193983878593009,-0.0259887804332593,0.00697398353690026,-1.5,-0.399999999999999,-0.033333333333303,0.033333333333303
472,Portugal,2012,-0.00262403543129963,-0.0442667219184898,0.000362530651299764,1,-6.4,0.3333333333333,-0.1666666666666
473,Portugal,2013,-0.0322757209770987,-0.0163010061730997,-0.00121901458740048,0.5,2.7,-1.6333333333333,-0.100000000000009
474,Portugal,2014,0.000758270312598341,0.0251527254323296,-0.00037039259220073,0.0499999999999972,-1.5,1.86666666666669,0.3333333333333
475,Portugal,2015,0.0250415261471009,0.0242223376792001,0.00154053956840094,0.450000000000003,1.5,4.80000000000001,0.0666666666667055
476,Portugal,2016,0.0233280454406,0.0252874004102797,0.00212345488090016,0.5,-2.3,0.433333333333295,0
477,Portugal,2017,0.0290737746072001,0.0321124004832694,0.0059151134764992,0.566666666666706,-3.65,0.400000000000006,-0.3333333333334
478,Portugal,2018,0.0129541247651996,0.0253046062460012,0.0071758837511009,-1.7,6.2,-1.0333333333333,-0.033333333333303
479,Portugal,2019,0.0249039923946999,0.011313737597499,0.00838242311069948,-0.266666666666708,9.9,-1.8666666666667,-0.299999999999997
481,Romania,2001,0.0770502828060984,-0.00411767942039987,0.0179268363475007,1.5,7.85000000000001,1.65000000000001,-13.5333333333334
482,Romania,2002,0.0337814920027011,-0.0888033469667011,0.0201033779505,-2,-7.00000000000001,2.59999999999999,0.3333333333334
483,Romania,2003,0.0481012604195996,-0.0535783105123002,0.0239398062369993,-0.5,4.1,2.1,1.9333333333333
484,Romania,2004,0.1084507600296,0.0219491204882001,0.0283988542465998,-1,6.59999999999999,3,-7.5333333333333
485,Romania,2005,0.0299601556729012,-0.0189252843057002,0.0336478087076006,1,-2.84999999999999,1.8,4.2666666666666
486,Romania,2006,0.133032552221399,0.00343215442170042,0.0513535471687998,0.5,8.7,8.5333333333333,6
487,Romania,2007,0.1158681269483,0.0150499431158995,0.0919833281785998,0.5,0.25,0.733333333333391,8.5333333333334
488,Romania,2008,0.1525524459155,0.00542099766040138,0.0973493442988005,0.5,-0.232399999999998,0.926824780000004,0.6666666666666
489,Romania,2009,-0.0279555366817004,-0.0180340659978011,0.0365216064033991,5.5,0.295949999999991,1.1037150433333,-0.066666666666606
490,Romania,2010,0.0175265564539,-0.0390727241859992,0.0334651449495009,3,-5.71355,-0.263873156666691,5.56666666666661
491,Romania,2011,-0.00157040909939887,-0.0107059313533995,0.0368593258241994,0,-0.599999999999994,0.3333333333334,1.7
492,Romania,2012,0.0511023409671996,-0.00558742566590098,0.0374768761424011,-0.5,-0.950000000000003,0.0666666666665918,-0.1666666666666
493,Romania,2013,0.000441699316199973,-0.00329293920109919,0.0299782049663992,-0.5,3.8,0.400000000000105,-0.100000000000009
494,Romania,2014,0.0243871254689001,0.00583799975489896,0.0301138903116005,0.850000000000001,-1.95,1.56666666666659,0.3333333333333
495,Romania,2015,0.0540766236947992,-0.00691982263260016,0.0347422573795999,2.65,1.5,0.800000000000011,0.0666666666667055
496,Romania,2016,0.0496612634530997,0.00884532390040071,0.0345508547873994,-2.5,1.95,-1.13333333333331,-1.6666666666667
497,Romania,2017,0.100864405345201,0.0190358600617007,0.0359843100217994,17.1,4.65000000000001,-0.0999999999999943,-0.3333333333333
498,Romania,2018,0.0337010589085001,0.0092121642685985,0.0331918048789017,-2.5333333333333,0.566666666666691,0.933333333333295,-0.0333333333334025
499,Romania,2019,0.0439775885923996,0.00732097258380016,0.0469366891420986,-0.766666666666701,0.900000000000006,-1.5,-1.9666666666666
501,Slovakia,2001,0.0543323012610006,0.0138332275723201,0.0216059940853999,-1,9.4,-1.55,9.66666666666661
502,Slovakia,2002,0.0168566993881996,-0.0105932312934005,0.0196408256189997,-1,-1.9,-1,6.53333333333339
503,Slovakia,2003,0.00703865454990016,-0.00703659016092928,0.0152234152142015,1,-2.5,1.25,-2.3333333333334
504,Slovakia,2004,0.00538455251670023,0.0379929414608284,0.0179517331356998,0,10.55,4.75,6.6666666666667
505,Slovakia,2005,0.132151561218,0.045836444621651,0.0273563194879003,0,6.7,-0.8333333333333,0
506,Slovakia,2006,0.0611489301569002,0.0299746355168296,0.0299475166469989,1.5,8.85,0.0333333333332888,3.2
507,Slovakia,2007,0.078211248235899,0.0364667601497199,0.0350501251080004,1.5,0.599999999999994,-0.133333333333297,-1.93333333333329
508,Slovakia,2008,0.0989201036329011,0.0388661195702706,0.0340036277008,2,0.0659500000000008,0.0439094733333008,-0.200000000000003
509,Slovakia,2009,-0.0557360603451009,-0.0213831056548095,0.0159793039135998,1,-0.946550000000002,1.2793224366667,-3.40000000000001
510,Slovakia,2010,0.0955397865901997,0.00491214413295005,0.0200040895363003,3,3.53060000000001,-3.82323191,0.566666666666606
511,Slovakia,2011,0.0130917233831998,0.017231554775579,0.0268156567051001,-5,-0.299999999999997,1.2,1.7
512,Slovakia,2012,0.00629308298420028,0.00456591825840924,0.0176868758906998,-1,-7.75,-2.3,-0.1666666666666
513,Slovakia,2013,-0.0374990473219992,-0.0104779260992292,0.0175965552418997,-1.5,5.14999999999999,3.23333333333329,-0.100000000000009
514,Slovakia,2014,0.0386917177855999,0.0145176117085999,0.0178072957668007,0.899999999999999,-3.25,-7.86666666666669,2
515,Slovakia,2015,0.00246099898070007,0.0237709903380594,0.0294062483514992,2.6,-0.149999999999991,0.966666666666697,0.066666666666606
516,Slovakia,2016,-0.0441728126964005,0.0224389073191507,0.0191402770989004,1.5,-3.15000000000001,0.433333333333295,-1.6666666666666
517,Slovakia,2017,0.00359209557220019,0.0133114255571307,0.0199929234555007,-1.1333333333333,5.1333333333333,-0.8333333333333,-0.3333333333334
518,Slovakia,2018,0.0133493518676993,0.0208698642659186,0.0201294091488986,-0.466666666666704,-0.566666666666592,-0.5,-0.033333333333303
519,Slovakia,2019,0.025629205429901,0.0139289597055701,0.0219279858863004,-0.600000000000001,1.26666666666659,-1.8666666666667,-0.299999999999997
521,Slovenia,2001,0.00864721960600079,-0.00231234284242987,0.0311345483187999,5,5.25,8.34999999999999,-2.06666666666671
522,Slovenia,2002,0.0188848364749994,0.0307741508044792,0.0270723695566009,-12.5,-3.1,-0.799999999999997,-1.0666666666667
523,Slovenia,2003,0.0235899604628003,0.000499534296000803,0.0282777400813998,-1.5,0,2.34999999999999,-0.6666666666666
524,Slovenia,2004,0.0384017203891993,0.0129802205376883,0.0291348453314999,4,0.649999999999999,0.300000000000011,1
525,Slovenia,2005,0.0847320145869013,-0.0254363074808897,0.0284495242283001,-0.5,2.95,-13.0166666666667,5.5333333333333
526,Slovenia,2006,0.002364362586599,0.00439835434095137,0.0320961810593001,0.5,3.7,-2,6.8666666666667
527,Slovenia,2007,0.0369809457393,0.0341263116935497,0.0361980829599986,0.5,-11.4,-1.8,1.40000000000001
528,Slovenia,2008,0.102573754533001,0.0414134887794297,0.0375281102987,1.5,5.0206,1.01175643000001,-3.5333333333334
529,Slovenia,2009,-0.0844600568169014,-0.0114522945311002,0.0175962922725006,6,2.9006,3.27210014666669,-0.066666666666606
530,Slovenia,2010,0.0207412500161013,-0.0145029465447202,0.00940464290400023,0.5,4.3788,-1.01718991,3.90000000000001
531,Slovenia,2011,0.0402910757821999,-0.0195680741724296,0.00615950382909958,-0.5,-1.95,1.0333333333333,0.033333333333303
532,Slovenia,2012,-0.0104574376463003,-0.0141816891193098,0.00196072611769971,-1,-6.75,-0.366666666666603,-0.1666666666667
533,Slovenia,2013,-0.0125830909369,0.00648236603158026,0.00340317521630062,-2.5,-2.35,-0.699999999999989,-0.100000000000009
534,Slovenia,2014,0.0130893162125005,0.0228893823164498,0.00318102205589987,1,-3.25,4.6666666666666,0.3333333333334
535,Slovenia,2015,-0.0167346322671005,0.0232069874031886,0.00284998389060043,-2,-11.7,0.966666666666697,0.066666666666606
536,Slovenia,2016,0.0238892150794996,0.00341341201675149,0.000652018848100511,0.5,0.25,0.700000000000003,0
537,Slovenia,2017,0.0360731799089002,0.016853228821379,0.0044718787830984,2.2333333333333,1.8333333333333,1.4666666666667,-0.3333333333333
538,Slovenia,2018,0.0623804736005997,0.0201031665952396,0.00775866142619996,0.899999999999999,20.9333333333334,0.6666666666667,-0.033333333333303
539,Slovenia,2019,0.0148234146504009,0.0222636674473602,0.00973188846570139,-3.3,7.7,-1.3333333333334,-0.299999999999997
541,Spain,2001,0.0293470116011996,0.0482457035133006,0.0360353589544999,2.5,7.65,-0.150000000000006,0.0666666666667055
542,Spain,2002,0.0339332192375998,0.0318549167492996,0.0359675824525993,2,-1.55,1.7,0.533333333333303
543,Spain,2003,0.0143582409719016,0.0305115479506011,0.0376922448699997,0,-0.149999999999999,-0.399999999999992,0.599999999999994
544,Spain,2004,0.0357213389220998,0.0330360736300985,0.0378638290668008,0.5,0.399999999999999,0.149999999999991,-0.533333333333303
545,Spain,2005,0.101748795674299,0.0375229915117004,0.0395470291526987,-1,1.40000000000001,-9.23333333333329,0.133333333333312
546,Spain,2006,0.0867424158429007,0.0396281636341005,0.0411415309216014,1,-1.3,3.3,0.733333333333292
547,Spain,2007,0.0640701653272995,0.0276165755097999,0.0404372016225008,-0.5,2.1,-2.26666666666671,4.73333333333341
548,Spain,2008,0.0163386258971006,0.0104574034753,0.0341351831021974,-1,0.345350000000003,0.13865663666671,-0.200000000000003
549,Spain,2009,-0.0360298665908996,-0.0537514503556995,0.0210313840107013,-0.5,1.6038,-0.7248214833334,3.26666666666659
550,Spain,2010,-0.00351836832330044,-0.0144816990109007,0.0174426583826985,-1,-0.49915,-1.08050182000001,0.566666666666706
551,Spain,2011,-0.00457737745630027,-0.0161227464465004,0.0125513492056015,-2,-1.3,3.93333333333341,0.033333333333303
552,Spain,2012,-0.00680735306080038,-0.0432395241851999,0.00839456171230069,0,-5.95,0.6666666666666,-0.1666666666666
553,Spain,2013,-0.0184507000761993,-0.0213212237647991,0.00623410048729767,0.5,-0.75,-0.033333333333303,-3.43333333333341
554,Spain,2014,0.00245474311840077,0.0175049095090998,0.00751233314850097,0.299999999999997,-2.1,-1.7,0.3333333333334
555,Spain,2015,0.0561702375283986,0.0352657042634998,0.00892124194439958,-1.8,0.100000000000001,0.6666666666667,1.73333333333331
556,Spain,2016,0.0401514541806005,0.0307127504399993,0.00903768218850232,0.5,3.25,0.3333333333333,0
557,Spain,2017,0.0438082045402997,0.024139610025701,0.0113201220110994,-4.2333333333333,-6.1,-1.56666666666669,-0.3333333333333
558,Spain,2018,0.0183284964682997,0.0290320487436997,0.0133378010343996,1.4333333333333,3.3666666666667,1.43333333333339,-0.0333333333334025
559,Spain,2019,0.0198558489249017,0.0187478308551992,0.0136866364943984,-3.4666666666667,6.23333333333331,0.033333333333303,-0.299999999999997
561,Sweden,2001,-0.0279336058684994,0.0108012430819997,0.0139009266288994,9.5,1.05,-1.39999999999999,-1.6666666666666
562,Sweden,2002,0.00449769598009908,-0.00962561414510077,0.0117824745549999,0,-1.15,-0.850000000000009,13.8666666666667
563,Sweden,2003,0.0273666293219002,-0.00959659914919975,0.0115931672117,-2,-0.599999999999998,-1.64999999999999,0.599999999999895
564,Sweden,2004,0.0462834179352001,0.0132659458333002,0.0129920863304012,1.5,-0.350000000000001,-0.299999999999997,-0.533333333333303
565,Sweden,2005,0.0410320979834999,0.00645920604240047,0.0144280266422001,0,0.850000000000001,-4.1666666666667,0.133333333333312
566,Sweden,2006,0.0426542115005013,0.0229166914722985,0.0177639241516996,-0.5,0.849999999999998,9.23333333333339,-5.93333333333331
567,Sweden,2007,0.0653014944949995,0.0360759355290004,0.0204875387114001,0,0.650000000000002,-1.9666666666667,-3.6666666666667
568,Sweden,2008,0.0249332460881995,0.0184749367113,0.0183972974279989,0,-0.0461166650000031,0.143101206666699,4.8666666666667
569,Sweden,2009,-0.0684022276488001,-0.0249649115155002,0.00930342062630096,0.5,2.810266665,-3.3159183533334,-0.0666666666667055
570,Sweden,2010,0.0521596303895002,0.0279870421635007,0.0124451352898003,2.5,5.88585,-1.19384952,2.23333333333341
571,Sweden,2011,0.0719711854079996,0.0267122581341006,0.014113830753999,-3,0.449999999999999,-0.266666666666595,0.033333333333303
572,Sweden,2012,0.00304386375610122,0.00251118334919909,0.0123055541524,0,-3.5,0.3333333333333,1.5
573,Sweden,2013,-0.00157505119950052,0.00616552513299951,0.011759804535,0.5,6.35,-0.400000000000006,-0.100000000000009
574,Sweden,2014,0.00823946021499999,0.0154972086852005,0.0145075769077003,-0.349999999999994,1.85,-0.799999999999997,0.3333333333333
575,Sweden,2015,0.0360509329529002,0.0154527819987997,0.017281518969801,-1.65000000000001,-1.05,0.299999999999997,0.0666666666667055
576,Sweden,2016,0.0148312648152,0.0240974623465,0.0180223150886985,-1,-1.45,0.966666666666697,-1.6666666666667
577,Sweden,2017,0.0371650595670996,0.0128677343631001,0.0200742419105016,-2.43333333333329,23.5166666666667,-0.3333333333334,-0.3333333333333
578,Sweden,2018,0.00172933222770055,0.0136120020708006,0.0190017488815997,5.1666666666667,1.2333333333333,-0.8333333333333,-0.033333333333303
579,Sweden,2019,0.019128557724299,-0.00534798925600022,0.0168270557473988,-4.06666666666671,1.1,-0.966666666666697,-0.299999999999997
581,Switzerland,2001,-0.00276760810039889,-0.00548144747030044,0.0209916363545997,0,-3.3,-1,0.6666666666667
582,Switzerland,2002,0.0035001208227996,-0.00473994006610035,0.0194001678462001,-1.5,17.3,-1.05,0
583,Switzerland,2003,0.0191654555989995,0.0066135037848003,0.0177169915233986,-1,-0.5,0.100000000000009,0
584,Switzerland,2004,0.0373736673275005,0.0245534147865989,0.0197955348562004,0.5,0.350000000000009,0.549999999999997,0.6666666666667
585,Switzerland,2005,0.0833118371881998,0.00948626160320032,0.0216977933768003,1.5,-1.15000000000001,-0.633333333333297,-0.533333333333403
586,Switzerland,2006,0.0684778685679,0.021456499726801,0.0230093703567995,1.5,0.200000000000003,4.8333333333333,-7.1333333333333
587,Switzerland,2007,0.0995571081595994,0.0238721962168995,0.0236845189852009,0,-3.4,-2.3666666666667,1.6666666666667
588,Switzerland,2008,0.0722139216384008,0.0195900863269003,0.0220782981695997,0,0.925949999999993,0.932839226666701,3.40000000000001
589,Switzerland,2009,-0.0157491868747002,0.00178573370329893,0.0159604686540007,-0.5,1.61775,-0.453655943333303,-0.600000000000009
590,Switzerland,2010,0.0355740945466003,-0.00940279609319994,0.0163822696744997,0,2.1563,-0.579183283333407,4.8666666666666
591,Switzerland,2011,0.0975106944258997,0.0259037895498011,0.0175856327443995,0,0.299999999999997,2.5,0
592,Switzerland,2012,0.0315419673591997,0.0114825601334001,0.0182989868884995,-1.5,-2,-0.533333333333289,0
593,Switzerland,2013,-0.00191019677249926,0.00285434723869926,0.0169404343298005,0.5,-0.899999999999992,-0.100000000000009,0
594,Switzerland,2014,0.0256968682340002,0.0155435258070007,0.0186058833592,0.0499999999999972,1.34999999999999,-0.633333333333297,1.6666666666667
595,Switzerland,2015,0.00669386397279936,0.0256185979460994,0.0188679798008007,-1.55,0.400000000000006,-2.76666666666669,0
596,Switzerland,2016,0.0183017357625008,0.0153797905011999,0.0194912056931997,0.5,0.899999999999992,0.799999999999997,0
597,Switzerland,2017,0.0306302976427997,-0.0022384470728003,0.0202045052262996,-6.40000000000001,9.46666666666671,-2.90000000000001,3.3333333333333
598,Switzerland,2018,0.0216609403214996,0.00673441294460098,0.0187636749432993,1.43333333333341,-0.800000000000011,0.466666666666697,0
599,Switzerland,2019,0.0167236198251999,0.00724988397029946,0.0184328107142004,2.06666666666659,-0.0666666666666913,-0.566666666666691,-0.866666666666603
