Index,country,year,rgdpo,labor_stock,capital_stock,Overall Score,Property Rights,Government Integrity,Rule of law,Tax Burden,Government Spending,Government size,Business Freedom,Monetary Freedom,Regulatory efficiency,Trade Freedom,Investment Freedom,Financial Freedom,Market openness
0,Austria,2000,306927.5625,21077.2927193219,1798700.12802414,68.4,90,75,82.5,44.2,25,34.6,70,88.4,79.2,83,70,70,74.3333333333333
1,Austria,2001,299963.125,21178.4883532282,1844588.168745,68.1,90,76,83,44.2,25,34.6,70,89.6,79.8,78,70,70,72.6666666666667
2,Austria,2002,306288.46875,21229.0097908174,1884053.88900711,67.4,90,77,83.5,44.5,18.9,31.7,70,86.4,78.2,79.6,70,70,73.2
3,Austria,2003,313908.28125,21376.1995082566,1926565.35875063,67.6,90,78,84,45.3,18.6,31.95,70,85.1,77.55,81.4,70,70,73.8
4,Austria,2004,326475.03125,21625.9175732117,1968064.2074715,67.6,90,78,84,43.5,21,32.25,70,85.9,77.95,79.8,70,70,73.2666666666667
5,Austria,2005,357373.03125,21652.4587980143,2008218.86724142,68.8,90,80,85,44.4,22.6,33.5,70,87,76.8666666666667,80.2,70,70,73.4
6,Austria,2006,364390.5,21909.1869506809,2048085.53963801,71.1,90,84,87,50.2,23.2,36.7,82,86.4,80.3666666666667,82.4,70,70,74.1333333333333
7,Austria,2007,376847.21875,22288.7447846369,2092176.35357696,71.6,90,87,88.5,50.3,24.7,37.5,81.7,86,79.2666666666667,86.6,70,70,75.5333333333333
8,Austria,2008,390540.625,22735.4854986873,2136226.07970763,71.39519383,90,86,88,51.1939,25.2997,38.2468,80.852644,81.44887387,78.5005059566667,86,70,70,75.3333333333333
9,Austria,2009,373127.28125,22173.198529267,2168643.99117863,71.19790325,90,81,85.5,49.9144,27.0853,38.49985,78.57027391,80.89582325,79.3886990533333,85.8,70,70,75.2666666666667
10,Austria,2010,385229.0625,22405.3201907075,2196889.89518875,71.6,90,81,85.5,51.2,28.8,40,73.6,79.3,77.3333333333333,87.5,75,70,77.5
11,Austria,2011,402328.375,22949.6284211373,2230834.91025592,71.9,90,79,84.5,50.3,28,39.15,72.8,82.9,77.9666666666667,87.6,80,70,79.2
12,Austria,2012,409657.375,22959.4906010764,2263688.80903928,70.3,90,79,84.5,50.5,15.4,32.95,70.3,82.2,76.8666666666667,87.2,80,70,79.0666666666667
13,Austria,2013,404381.125,22903.2875360642,2296465.34955164,71.8,90,78,84,51.1,23.5,37.3,73.6,79.3,77.7666666666667,86.8,85,70,80.6
14,Austria,2014,423224.03125,23025.9796299452,2326715.69476649,72.4,90,75.5,82.75,51,23.5,37.25,76.3,79.5,78.7666666666667,87.8,90,70,82.6
15,Austria,2015,430623.875,22918.2000372323,2358667.2093772,71.2,90,69,79.5,50.1,19.8,34.95,78,80.3,78.3333333333333,88,90,70,82.6666666666667
16,Austria,2016,436191.0625,23411.4604094096,2393751.3766451,71.7,90,72,81,50.7,22.4,36.55,79.4,81.7,77.8666666666667,88,90,70,82.6666666666667
17,Austria,2017,458231.59375,23760.2364855471,2431671.44142666,72.3,86,75.2,81,50.3,19.3,49.7666666666667,76.9,83.4,75.9666666666667,87,90,70,82.3333333333333
18,Austria,2018,470960.75,24393.8645190032,2472045.79428225,71.8,83.5,73.5,79.3,49.9,19.4,50.1333333333333,75.5,83.7,75.3,86.9,90,70,82.3
19,Austria,2019,477705.5,24790.5265356751,2515120.01266807,72,84.2,77.4,77.6333333333333,50.5,24.5,53.5,74.9,81.5,75.0333333333334,86,90,70,82
20,Belgium,2000,346908.875,19474.5135392066,1927589.76939768,63.5,90,54,72,33.1,18.9,26,70,87.9,78.95,77.8,70,70,72.6
21,Belgium,2001,348797.75,19770.7886454032,1979683.42657344,63.8,90,53,71.5,33.2,22,27.6,70,88.3,79.15,78,70,70,72.6666666666667
22,Belgium,2002,358492.6875,20096.5490058917,2021771.06465673,67.6,90,61,75.5,33.7,28,30.85,70,86,78,79.6,90,70,79.8666666666667
23,Belgium,2003,374266.28125,20283.4152481764,2061123.4176485,68.1,90,66,78,33.7,26.8,30.25,70,85.2,77.6,81.4,90,70,80.4666666666667
24,Belgium,2004,383970.3125,20509.9367710475,2109254.36211012,68.7,90,71,80.5,43.1,23.5,33.3,70,81.3,75.65,79.8,90,70,79.9333333333333
25,Belgium,2005,429270.65625,20819.6408913973,2162603.73635528,69,90,76,83,42.1,22,32.05,70,81.8,73.2666666666667,80.2,90,70,80.0666666666667
26,Belgium,2006,417205.4375,21279.5373814245,2215847.49385108,71.8,90,75,82.5,42.8,26.8,34.8,90.7,81.5,80.2,82.4,90,70,80.8
27,Belgium,2007,430014.65625,21694.9845245026,2277191.58130729,72.5,80,74,77,44.1,26.5,35.3,92.6,80.5,81.3,86.6,90,80,85.5333333333334
28,Belgium,2008,467485.40625,21953.3828971987,2338032.14213543,71.65591615,80,73,76.5,43.9499,17.9413,30.9456,93.68466228,80.37312617,81.8859294833333,86,90,80,85.3333333333333
29,Belgium,2009,451867,21672.0523440214,2386059.05740544,72.1258713,80,71,75.5,41.53827999,28.2637,34.900989995,93.17320822,81.03299034,81.5687328533333,85.8,90,80,85.2666666666667
30,Belgium,2010,489332.59375,21902.1039713639,2433252.25928322,70.1,80,73,76.5,42.2,30,36.1,92.9,77.9,79.3,87.5,80,70,79.1666666666667
31,Belgium,2011,487755.40625,22383.8125182873,2486115.39818829,70.2,80,71,75.5,41.8,25,33.4,92.6,82.5,82.0333333333333,87.6,80,70,79.2
32,Belgium,2012,491813.125,22488.6730643229,2538164.34991652,69,80,71,75.5,44.8,12.1,28.45,92.3,81.2,81.6,87.1,80,70,79.0333333333333
33,Belgium,2013,490563.46875,22476.4461918148,2585134.51762781,69.2,80,75,77.5,45,14.5,29.75,91.6,79.3,80.2333333333333,86.8,80,70,78.9333333333333
34,Belgium,2014,493290.53125,22589.3026445988,2638856.14830411,69.9,80,74.2,77.1,44.8,14.8,29.8,89.9,79.5,80.7,87.8,85,70,80.9333333333333
35,Belgium,2015,484155.03125,22747.7659973941,2695900.02677154,68.8,80,75,77.5,43.6,10.2,26.9,90.7,81.7,78.7,88,85,70,81
36,Belgium,2016,492930.46875,23079.2581058958,2756370.00204004,68.4,80,76,78,44.2,11,27.6,85.4,84,76.6333333333333,88,85,70,81
37,Belgium,2017,515603.875,23602.5602735461,2815699.08426709,67.8,83.3,71.5,74.7,44.1,9.6,40,82,84.9,76,87,85,70,80.6666666666667
38,Belgium,2018,507573.0625,24079.7866904949,2877980.40363104,67.5,81.2,70.9,73.8666666666667,44,12.1,41.3333333333333,80.6,82.6,74.2333333333333,86.9,85,70,80.6333333333333
39,Belgium,2019,517419.75,24588.6421927315,2943135.64845003,67.3,81.3,72.5,71.8,47.1,15.2,45.2333333333333,78.1,76.1,71.7333333333333,86,85,70,80.3333333333333
40,Bulgaria,2000,79629.25,14464.0653740074,126384.586380318,47.3,50,29,39.5,67.9,54.4,61.15,55,0,27.5,49.8,70,50,56.6
41,Bulgaria,2001,81448.59375,14059.9256939646,136433.578940867,51.9,50,33,41.5,58.1,67.3,62.7,55,26.2,40.6,57.2,70,50,59.0666666666667
42,Bulgaria,2002,84463.75,14369.4845241893,146420.016179889,57.1,50,35,42.5,68.3,49.6,58.95,55,75.8,65.4,60.2,70,50,60.0666666666667
43,Bulgaria,2003,86977.8515625,14749.8059056612,157524.454916575,57,50,39,44.5,72.4,56.7,64.55,55,77.5,66.25,62.4,50,50,54.1333333333333
44,Bulgaria,2004,90887.03125,15540.3234358324,170669.209036643,59.2,30,40,35,81.1,64.5,72.8,55,78.7,66.85,63.2,50,70,61.0666666666667
45,Bulgaria,2005,100854.5078125,15650.2402235207,189062.477145402,62.3,30,39,34.5,80.3,53.4,66.85,55,83.1,72.8,82,50,70,67.3333333333333
46,Bulgaria,2006,106781.78125,16376.6444416973,209999.369188407,64.1,30,41,35.5,83.2,49.8,66.5,70.5,80.7,77,65.8,70,70,68.6
47,Bulgaria,2007,115264.2734375,17235.8634078775,233669.591459055,62.7,30,40,35,82.4,57.8,70.1,70.3,75.8,75.3,70.8,60,60,63.6
48,Bulgaria,2008,123447.671875,18339.9247855685,264320.465007794,63.74014902,30,40,35,82.7424,55.9933,69.36785,68.37686031,73.70213949,74.2263332666667,86,60,60,68.6666666666667
49,Bulgaria,2009,119096.2421875,17364.1071340462,285886.953959681,64.63055523,30,41,35.5,86.1664,58.7077,72.43705,73.47927664,72.78569909,74.8883252433333,85.8,60,60,68.6
50,Bulgaria,2010,123621.28125,16497.7371648528,300751.183990623,62.3,30,36,33,86.3,48.3,67.3,77.8,69.5,75.1333333333333,87.4,50,60,65.8
51,Bulgaria,2011,122260.4140625,15953.28929084,313690.51690803,64.9,30,38,34,86.9,58.3,72.6,75.8,75.5,77.7666666666667,87.6,55,60,67.5333333333333
52,Bulgaria,2012,125269,15851.5239206739,326425.144184765,64.7,30,36,33,93.6,50.3,71.95,72.7,77.8,78.2333333333333,87.1,55,60,67.3666666666667
53,Bulgaria,2013,119148.2578125,15919.607027548,338820.929623778,65,30,33,31.5,94,64.2,79.1,73.6,78.6,75.6666666666667,86.8,55,60,67.2666666666667
54,Bulgaria,2014,122941.5390625,16222.0013477325,351557.826284088,65.7,30,35.2,32.6,91.2,64.5,77.85,73.5,79.6,77.7666666666667,87.8,55,60,67.6
55,Bulgaria,2015,127390.25,16560.4987436253,364431.512475847,66.8,30,41,35.5,91,64.5,77.75,68.5,83.2,76.1,88,65,60,71
56,Bulgaria,2016,133492.140625,16529.9674930194,374642.209174928,65.9,30,43,36.5,91.1,60.4,75.75,66.9,82.6,73.7,88,65,60,71
57,Bulgaria,2017,139064.671875,17321.6477769008,385293.941747522,67.9,62.5,41.8,47.7333333333333,91,58.4,78.6,66.7,83.3,72.7666666666667,87,70,60,72.3333333333333
58,Bulgaria,2018,143782.765625,17412.2597878058,396766.034077699,68.3,63.6,38.2,48.1,90.9,60.5,81.9,64.3,82.8,71.0666666666667,86.9,70,60,72.3
59,Bulgaria,2019,149432.421875,17929.0817177121,408244.001972782,69,62.5,35.1,46.5,90.2,63.9,84.3,62.7,88,73.0333333333334,86,70,60,72
60,Croatia,2000,59457.61328125,9342.57283420465,332651.531003495,53.6,30,50,40,68.9,41.9,55.4,55,70,62.5,67,50,50,55.6666666666667
61,Croatia,2001,62203.1328125,9542.92659227406,338797.468214405,50.7,30,27,28.5,66.9,33.7,50.3,55,71.7,63.35,71.6,50,50,57.2
62,Croatia,2002,66871.96875,9680.38279343962,346982.683888603,51.1,30,37,33.5,68.3,25,46.65,55,75.7,65.35,68.8,50,50,56.2666666666667
63,Croatia,2003,71193.3125,10004.8526120998,359492.393599961,53.3,30,39,34.5,77.6,28.6,53.1,55,76.3,65.65,72.8,50,50,57.6
64,Croatia,2004,73213.4453125,10176.5972168582,372416.674455611,53.1,30,38,34,67.3,22.9,45.1,55,79.5,67.25,65.4,50,70,61.8
65,Croatia,2005,79473.25,10356.3380756328,385545.68943051,51.9,30,37,33.5,59.3,26.2,42.75,55,81.4,60.2333333333333,65.4,50,70,61.8
66,Croatia,2006,86991.078125,10796.1862916207,400741.54771064,53.6,30,35,32.5,69.6,23.2,46.4,54.5,81.2,60.1,78.4,50,70,66.1333333333333
67,Croatia,2007,94002.2109375,11255.853453067,417043.150429512,53.4,30,34,32,69.9,24.4,47.15,54.2,79.3,59.3333333333333,87.8,50,60,65.9333333333333
68,Croatia,2008,99729.6640625,11615.846044671,435131.734148224,54.11122368,30,34,32,68.7804,27.97,48.3752,58.45458538,78.80924884,60.9212780733333,87.6,50,60,65.8666666666667
69,Croatia,2009,94669.578125,11622.5059215575,446945.620962794,55.13231527,30,41,35.5,68.6744,31.7413,50.20785,59.8611978,79.03486675,60.76535485,87.6,50,60,65.8666666666667
70,Croatia,2010,93659.1328125,11387.0405477368,453872.104901425,59.2,40,44,42,70.3,47.1,58.7,61.5,75.8,59.3666666666667,87.8,65,60,70.9333333333333
71,Croatia,2011,96750.9609375,11060.1299653738,459931.597578587,61.1,40,41,40.5,74.6,50.3,62.45,65.2,78.5,62.6,87.6,70,60,72.5333333333333
72,Croatia,2012,96832.2421875,10690.6133270784,464927.725937254,60.9,40,41,40.5,76.4,45,60.7,63.4,81.4,63.0666666666667,87.5,70,60,72.5
73,Croatia,2013,92100.046875,10447.7578617094,470092.054798277,61.3,40,40,40,75.4,48.7,62.05,63,81.1,62.1666666666667,87.5,75,60,74.1666666666667
74,Croatia,2014,91397.875,10753.2511053719,474340.051227215,60.4,40,41.1,40.55,69.4,45.8,57.6,61.4,79.2,60,87.4,80,60,75.8
75,Croatia,2015,95440.5703125,10666.7773914328,479304.27164598,61.5,40,48,44,74.9,46.5,60.7,55.8,80,59.5333333333333,87.2,80,60,75.7333333333333
76,Croatia,2016,98176.5625,10908.7070765497,485471.684943139,59.1,35,48,41.5,70.8,33.7,52.25,60.3,78.7,60.4666666666667,87.4,75,60,74.1333333333333
77,Croatia,2017,106076,11272.876884799,492371.552276656,59.4,65.5,43.4,55.2333333333333,66.8,31.3,47.6,58.2,80.3,60.6,87.4,75,60,74.1333333333333
78,Croatia,2018,104344.6328125,11586.4985660905,499825.020004285,61,65.9,40.5,54.3,66,32.5,55.2333333333333,58.9,79.1,60.3333333333333,87.4,75,60,74.1333333333333
79,Croatia,2019,107392.0390625,12046.0869407178,508761.865427099,61.4,66,38.6,49.1666666666667,66.4,33.4,61.7333333333333,60.7,78.5,61.0666666666667,86,75,60,73.6666666666667
80,Cyprus,2000,19120.970703125,1315.30424820504,119583.481866172,67.2,70,50,60,71.7,54.4,63.05,85,79.8,82.4,74.4,50,70,64.8
81,Cyprus,2001,19664.859375,1371.66160294621,122205.920162676,71,90,50,70,71.4,58.9,65.15,85,86.2,85.6,77,50,70,65.6666666666667
82,Cyprus,2002,19092.96484375,1389.79274022338,125604.81221669,73,90,70,80,71.2,58.9,65.05,85,83.5,84.25,78.8,50,70,66.2666666666667
83,Cyprus,2003,18078.2265625,1442.75690067619,129101.892241703,73.3,90,70,80,70.7,59.8,65.25,85,85,85,79.4,50,70,66.4666666666667
84,Cyprus,2004,18465.5390625,1481.11477111297,133093.403613519,74.1,90,70,80,81.4,56.2,68.8,85,84.6,84.8,79.4,50,70,66.4666666666667
85,Cyprus,2005,21364.994140625,1519.08752845196,137661.026058196,71.9,90,61,75.5,79,57.4,68.2,85,83,79.3333333333333,73.6,50,70,64.5333333333333
86,Cyprus,2006,22115.47265625,1545.0554907873,143976.940513638,71.8,90,54,72,79.1,48.3,63.7,70,84.4,74.8,82.4,70,70,74.1333333333333
87,Cyprus,2007,23687.322265625,1649.66581565385,150863.183433723,71.7,90,57,73.5,79.4,44.8,62.1,70,84.7,74.9,81.6,70,70,73.8666666666667
88,Cyprus,2008,25492.712890625,1723.9732537836,158437.532404083,71.3116055,90,56,73,78.1664,42.9712,60.5688,70,84.97845497,74.9928183233333,81,70,70,73.6666666666667
89,Cyprus,2009,25696.646484375,1716.45474512092,164014.148389689,70.82559012,90,53,71.5,76.6044,42.1837,59.39405,70,85.66780116,75.2226003866667,80.8,70,70,73.6
90,Cyprus,2010,26422.625,1736.20385162756,169249.393980715,70.9,80,64,72,72.7,44.8,58.75,80.3,82.9,74.9,82.5,70,70,74.1666666666667
91,Cyprus,2011,26344.57421875,1755.72031858924,173075.448043638,73.3,80,66,73,74.6,45.6,60.1,80.1,87.6,79.7,82.6,75,70,75.8666666666667
92,Cyprus,2012,27058.04296875,1703.79659254457,175012.360714963,71.8,70,63,66.5,83.3,37.1,60.2,81.6,85.7,79.0666666666667,82.1,75,70,75.7
93,Cyprus,2013,24262.265625,1589.41660763508,175771.040676994,69,70,63,66.5,79.8,32.7,56.25,80.7,84.1,75.8666666666667,81.8,75,60,72.2666666666667
94,Cyprus,2014,22666.705078125,1573.25457697299,175904.452954091,67.6,70,64,67,79.7,36.2,57.95,79.7,78.8,76.2333333333333,82.8,65,50,65.9333333333333
95,Cyprus,2015,23929.623046875,1617.4637635458,176120.606863435,67.9,70,63,66.5,79.5,36.7,58.1,79.5,82.7,73.9333333333333,88,70,50,69.3333333333333
96,Cyprus,2016,26193.916015625,1719.35342393629,178898.764915747,68.7,70,63,66.5,76.1,47.3,61.7,74.5,85.3,72.6666666666667,88,75,50,71
97,Cyprus,2017,26715.97265625,1795.7658265837,183060.35877575,67.9,75.4,53.6,63.2333333333333,73,48.8,64.9,75.8,83.3,72.5666666666667,87,75,50,70.6666666666667
98,Cyprus,2018,26906.84765625,1863.05290031101,186224.117416641,67.8,71.2,41.3,56.4,75.2,52.9,69.1333333333333,77,83,71.9,86.9,75,60,73.9666666666667
99,Cyprus,2019,28053.96875,1921.95709730632,189541.662423248,68.1,73.1,43.7,54.9666666666667,74.9,55.2,70.1333333333333,76.9,84,73.4666666666667,86,75,60,73.6666666666667
100,Czech Republic,2000,231523.203125,33104.4061387431,1654012.22428371,68.6,70,48,59,58.1,49.6,53.85,85,75,80,72,70,90,77.3333333333333
101,Czech Republic,2001,242380.28125,31807.4760189965,1672610.39595966,70.2,70,46,58,67.5,49.6,58.55,85,81.2,83.1,72.8,70,90,77.6
102,Czech Republic,2002,238087.015625,32054.2420932781,1689330.37090211,66.5,70,43,56.5,66.8,33.7,50.25,70,82.2,76.1,73,70,90,77.6666666666667
103,Czech Republic,2003,249011.453125,31661.1737841049,1705847.45576572,67.5,70,39,54.5,67.2,45.6,56.4,70,81.9,75.95,73.6,70,90,77.8666666666667
104,Czech Republic,2004,256095.25,31856.4116515833,1723964.14228732,67,70,37,53.5,67,40.9,53.95,70,84.6,77.3,73.4,70,90,77.8
105,Czech Republic,2005,279153.0625,32564.0323311354,1744993.66099271,64.6,70,39,54.5,68.2,15.1,41.65,70,88.9,72.2,76.8,70,90,78.9333333333333
106,Czech Republic,2006,285493.875,32756.6921283576,1768065.24067821,66.4,70,42,56,68.8,36.8,52.8,57.8,85.9,68,82.4,70,90,80.8
107,Czech Republic,2007,310792.03125,33199.0279349203,1800368.52096964,67.4,70,43,56.5,69.9,47.1,58.5,61.1,86.3,69.0333333333334,86.6,70,80,78.8666666666667
108,Czech Republic,2008,327105.0625,33999.0023966976,1829545.57756594,68.1465471,70,48,59,71.3264,45.5572,58.4418,64.20435498,80.28453411,70.1962963633333,86,70,80,78.6666666666667
109,Czech Republic,2009,314229.5,33232.4698987009,1845823.69375723,69.35074353,70,52,61,80.1631,42.9712,61.56715,65.10043752,79.71589873,70.8721120833333,85.8,70,80,78.6
110,Czech Republic,2010,318896.5625,33366.3161326088,1861989.62438735,69.8,65,52,58.5,80.1,45.6,62.85,65.5,75.6,72.5,87.5,70,80,79.1666666666667
111,Czech Republic,2011,328852.28125,33452.7185335334,1877538.74975138,70.4,65,49,57,81,44.8,62.9,69.8,80,75.6,87.6,70,80,79.2
112,Czech Republic,2012,327438.34375,33082.2635524719,1888413.99491815,69.9,70,46,58,82,36.8,59.4,67.7,81.5,75.7,87.1,70,80,79.0333333333333
113,Czech Republic,2013,323381.625,32986.911493323,1895938.36253697,70.9,70,44,57,82,43.5,62.75,65.8,81.7,77.6666666666667,86.8,70,80,78.9333333333333
114,Czech Republic,2014,338200.46875,33445.0413635927,1905581.77550181,72.2,70,45.3,57.65,81.7,43.8,62.75,70.1,79.4,77.8333333333333,87.8,80,80,82.6
115,Czech Republic,2015,347158.625,33534.9416138636,1923227.58895943,72.5,75,48,61.5,81.5,40.6,61.05,68.2,81.2,77.4333333333333,88,80,80,82.6666666666667
116,Czech Republic,2016,355307.875,34532.3165039319,1933970.87615714,73.2,75,51,63,82.5,47.3,64.9,66.6,84.1,76.1333333333333,88,80,80,82.6666666666667
117,Czech Republic,2017,378600.09375,35204.6860093691,1948568.35344213,73.3,70.3,55.9,60.7,82.9,45.3,73.4,67.2,85.8,76.9,87,80,80,82.3333333333333
118,Czech Republic,2018,391695.15625,35729.8396761201,1971453.76032829,74.2,73,51.1,60.6666666666667,82.9,48.6,75.9,72.5,85.2,78.1666666666667,86.9,80,80,82.3
119,Czech Republic,2019,401072.21875,36001.9293722019,1993914.88347674,73.7,74.8,52.1,58.1666666666667,82.6,52.1,77.4333333333333,72.4,81.5,77.3333333333333,86,80,80,82
120,Denmark,2000,199781.796875,13336.951212529,1028989.35545278,68.3,90,100,95,30.5,0,15.25,85,91.1,88.05,77.8,70,70,72.6
121,Denmark,2001,199670.375,13543.9031670144,1051836.28987104,68.3,90,100,95,31.6,0,15.8,85,90.3,87.65,78,70,70,72.6666666666667
122,Denmark,2002,199138.921875,13545.3981936843,1071642.40673244,71.1,90,98,94,32.2,5.9,19.05,85,89.6,87.3,79.6,70,90,79.8666666666667
123,Denmark,2003,202979.078125,13431.1656991571,1091316.66058124,73.2,90,95,92.5,32.6,9.9,21.25,100,89.9,94.95,81.4,70,90,80.4666666666667
124,Denmark,2004,213716.546875,13422.2457633071,1112249.01506631,72.4,90,95,92.5,33.6,8.3,20.95,100,85.1,92.55,79.8,70,90,79.9333333333333
125,Denmark,2005,233303.5,13616.1103054242,1135989.80459278,75.3,90,95,92.5,33.9,8.3,21.1,100,85.6,95.1666666666667,80.2,70,90,80.0666666666667
126,Denmark,2006,242721,14034.3609490375,1167772.61457485,75.4,90,95,92.5,35.5,9.3,22.4,94.6,87.2,93.9,82.4,70,90,80.8
127,Denmark,2007,249906.09375,14197.6150806912,1198020.42031589,77,90,95,92.5,34.2,12.8,23.5,94.8,86.8,93.8333333333333,86.6,80,90,85.5333333333334
128,Denmark,2008,265509.15625,14385.6145754464,1223948.92836465,79.22063298,90,95,92.5,35.01506667,19.8133,27.414183335,99.9,86.47796317,95.4593210566667,86,90,90,88.6666666666667
129,Denmark,2009,254246.046875,13861.5806368049,1238445.96097081,79.64977202,95,94,94.5,35.41666667,20.4325,27.924583335,99.9,86.58580841,95.29526947,85.8,90,90,88.6
130,Denmark,2010,271409.96875,13654.3250770961,1248167.59501629,77.9,90,93,91.5,35.9,22,28.95,97.9,79.3,90.3,87.5,90,90,89.1666666666667
131,Denmark,2011,277400.34375,13871.9780534939,1258196.3842786,78.6,90,93,91.5,43.2,19.5,31.35,99.7,81.4,91.0666666666667,87.6,90,90,89.2
132,Denmark,2012,275497.21875,13728.6452172159,1270500.00046465,76.2,90,93,91.5,39.8,0,19.9,99.1,80.7,90.6333333333333,87.1,90,90,89.0333333333334
133,Denmark,2013,270459.78125,13827.6996454985,1283877.01776688,76.1,90,94,92,39.8,5.9,22.85,98.4,80,89.8333333333333,86.8,85,90,87.2666666666667
134,Denmark,2014,271095.53125,13896.2241173075,1298288.83976208,76.1,90,93.7,91.85,39.3,0.5,19.9,98.1,80,89.7666666666667,87.8,90,90,89.2666666666667
135,Denmark,2015,270172.65625,14053.9432444698,1315194.64226683,76.3,95,91,93,39.6,1.8,20.7,97.4,87.6,92.3666666666667,88,90,80,86
136,Denmark,2016,279456.8125,14357.0168142545,1336527.1965475,75.3,95,92,93.5,39.5,2.3,20.9,95.4,84.4,88.6,88,90,80,86
137,Denmark,2017,296195.75,14548.4144442457,1359431.60343719,75.1,86.7,84.9,80.0333333333333,37.2,5.7,46.1,93.9,85.5,88.4,87,90,80,85.6666666666667
138,Denmark,2018,298718.46875,14559.9320509759,1384757.04008349,76.6,84.8,84.1,84.1666666666667,41.4,10.6,49.5666666666667,92.5,86.4,87.2333333333334,86.9,90,80,85.6333333333333
139,Denmark,2019,311838,14767.5687704078,1411021.21124505,76.7,86.2,85.8,83.2666666666667,42,14.4,51.0333333333333,90.7,84.1,87.0666666666667,86,90,80,85.3333333333333
140,Estonia,2000,18203.150390625,3917.9081499991,99976.7286986238,69.9,70,57,63.5,72.5,25,48.75,85,74.9,79.95,85,90,70,81.6666666666667
141,Estonia,2001,19155.50390625,3947.24971314483,102689.259998743,76.1,70,57,63.5,79.6,67.3,73.45,85,80.6,82.8,85,90,70,81.6666666666667
142,Estonia,2002,20390.423828125,3968.1740670371,106667.119706256,77.6,70,57,63.5,80,54.4,67.2,85,87,86,85,90,90,88.3333333333333
143,Estonia,2003,21755.271484375,4079.56718000107,111636.647986857,77.7,70,56,63,80.4,58.3,69.35,85,85.7,85.35,84.2,90,90,88.0666666666667
144,Estonia,2004,22754.521484375,4094.86814099287,116616.469535773,77.4,70,56,63,83.8,55.5,69.65,85,82.1,83.55,84.2,90,90,88.0666666666667
145,Estonia,2005,27508.767578125,4252.7357001796,122856.057902903,75.2,70,55,62.5,82.9,61.6,72.25,85,85.5,72.6333333333333,84.8,90,90,88.2666666666667
146,Estonia,2006,29743.650390625,4474.36712051144,131173.107582154,74.9,70,60,65,83.8,57.4,70.6,81.9,84.7,71.9666666666667,82.4,90,90,87.4666666666667
147,Estonia,2007,33259.4765625,4505.67011377154,140030.706539879,78,90,64,77,84.5,61.8,73.15,79.9,83,70.8666666666667,86.6,90,90,88.8666666666667
148,Estonia,2008,33808.23046875,4450.06639083563,146410.212108344,77.90165933,90,67,78.5,85.9791,61.9792,73.97915,85.31895745,82.02652848,72.6818286433333,86,90,80,85.3333333333333
149,Estonia,2009,30109.826171875,3737.62556440649,147955.115769774,76.37038041,90,65,77.5,81.5079,67.33,74.41895,75.86272917,79.70072654,68.0211519033333,85.8,90,80,85.2666666666667
150,Estonia,2010,31773.455078125,3652.96557779026,149458.1134726,74.7,80,66,73,80.2,62.2,71.2,83.1,71.1,67.0666666666667,87.5,90,80,85.8333333333333
151,Estonia,2011,35455.7734375,4005.50543402629,153645.960481486,75.2,80,66,73,80.7,52.2,66.45,80.9,78.7,71.8,87.6,90,80,85.8666666666667
152,Estonia,2012,37414.0078125,4023.77199883357,158711.94899063,73.2,80,65,72.5,79.1,38.8,58.95,75.7,79.3,70.6333333333333,87.1,90,80,85.7
153,Estonia,2013,37724.66796875,4056.15650769083,163538.086279894,75.3,85,64,74.5,79.7,56.2,67.95,78.2,77.1,70.4333333333333,86.8,90,80,85.6
154,Estonia,2014,38474.625,4096.38528390283,167800.860053458,75.9,90,64.2,77.1,80.4,56,68.2,77.6,76.9,70.1333333333333,87.8,90,80,85.9333333333333
155,Estonia,2015,37508.921875,4217.6433556138,171620.927002365,76.8,90,68,79,80.6,53.2,66.9,81.5,77.6,72.6,88,90,80,86
156,Estonia,2016,38599.81640625,4265.53237344629,175878.421778794,77.2,90,69,79.5,81.9,54.9,68.4,79,82.2,72.8,88,90,80,86
157,Estonia,2017,40876.81640625,4413.99091673086,180824.492278936,79.1,82.6,69.9,78.4333333333333,81.2,55.8,78.9333333333333,77,85.7,73.2,87,90,80,85.6666666666667
158,Estonia,2018,42704.83203125,4380.00530372281,185879.822583316,78.8,80.4,75.7,80,80.7,52.6,77.7,75.6,85.1,71.8333333333333,86.9,90,80,85.6333333333333
159,Estonia,2019,44876.34765625,4426.08645664615,192021.803553133,76.6,81.5,73.1,76.8666666666667,79.9,51.1,76.9333333333333,75.3,79.6,70.7,86,90,70,82
160,Finland,2000,186505.8125,12305.5597332715,818812.069774567,64.3,90,96,93,37.2,0,18.6,70,87.8,78.9,78,70,50,66
161,Finland,2001,187857.640625,12468.2106054414,839462.146580373,69.7,90,98,94,55.6,28,41.8,70,87.9,78.95,78,70,50,66
162,Finland,2002,187059.53125,12647.3038435459,857572.940968074,73.6,90,100,95,55.6,28,41.8,85,84.6,84.8,79.6,70,70,73.2
163,Finland,2003,190640.140625,12714.4937216363,876599.775448451,73.7,90,99,94.5,54.9,28,41.45,85,84.7,84.85,81.4,70,70,73.8
164,Finland,2004,199610.734375,12871.9801502885,897468.398469565,73.4,90,97,93.5,57.5,25,41.25,85,86,85.5,79.8,70,70,73.2666666666667
165,Finland,2005,213170.40625,13064.8508831816,919240.367030745,71,90,97,93.5,58,22.3,40.15,85,88,74.3,80.2,70,70,73.4
166,Finland,2006,217650.234375,13348.1313303265,940941.158787144,72.9,90,97,93.5,61.9,24.4,43.15,95.4,90.8,77.8666666666667,82.4,70,70,74.1333333333333
167,Finland,2007,236703.1875,13693.1624233043,967588.242111847,74,90,96,93,63.1,23.5,43.3,95.3,89.9,76.9333333333333,86.6,70,80,78.8666666666667
168,Finland,2008,245778.21875,14043.4498765549,993122.013636142,74.55060419,90,96,93,64.2511,29.1412,46.69615,95.24923896,88.45342391,76.7008876233333,86,70,80,78.6666666666667
169,Finland,2009,225346.1875,13589.9211810655,1009748.60271972,74.48957439,95,94,94.5,64.3079,28.5568,46.43235,95.06245891,87.41206555,75.75817482,85.8,70,80,78.6
170,Finland,2010,233241.90625,13636.0945949985,1027534.37620737,73.8,90,90,90,65.4,32.9,49.15,95,78.9,72.5666666666667,87.5,75,80,80.8333333333333
171,Finland,2011,237577.96875,13863.3653555345,1047323.80568388,74,90,89,89.5,65.3,26.5,45.9,95,80.7,72.3666666666667,87.6,85,80,84.2
172,Finland,2012,235399.5625,13964.7520501834,1066548.88321563,72.3,90,92,91,65.4,5.2,35.3,94.9,81.3,72.8666666666667,87.1,85,80,84.0333333333333
173,Finland,2013,225320.1875,13867.9151058455,1082661.6452008,74,90,94,92,66.9,12.2,39.55,94.8,79.5,73.2,86.8,90,80,85.6
174,Finland,2014,224687.3125,13860.7020497867,1097598.70296292,73.4,90,93.4,91.7,65.1,8.9,37,93.6,78.9,73,87.8,90,80,85.9333333333333
175,Finland,2015,228346.40625,13910.022310209,1112607.77069668,73.4,90,89,89.5,66.4,3.6,35,92.6,79.9,75.7666666666667,88,90,80,86
176,Finland,2016,234079.3125,14044.459507967,1132648.99302228,72.6,90,89,89.5,66.5,0.8,33.65,90.7,81.9,75.4333333333333,88,85,80,84.3333333333333
177,Finland,2017,241547.703125,14218.6224688427,1155210.75432128,74,90.6,90,87.7666666666667,66.6,0,47.9666666666667,90.2,85.1,76.2333333333333,87,85,80,84
178,Finland,2018,244091.6875,14642.2555835193,1179578.72636325,74.1,89,89.8,87.1666666666667,66.5,2.3,49.9666666666667,89.9,86,75.4666666666667,86.9,85,80,83.9666666666667
179,Finland,2019,248551.546875,14904.6042095603,1202486.05092921,74.9,89.6,92.5,87.7666666666667,66.8,7.2,53.4666666666667,89.4,84.8,74.8333333333333,86,85,80,83.6666666666667
180,France,2000,2128715.25,115473.457022649,11657054.0598744,57.4,70,67,68.5,35.1,12.5,23.8,70,83.9,76.95,77.8,50,50,59.2666666666667
181,France,2001,2185648.25,116157.326889608,11912583.4676358,58,70,66,68,33.9,18.9,26.4,70,85,77.5,78,50,50,59.3333333333333
182,France,2002,2197271.75,114778.108504604,12145702.3732722,58,70,67,68.5,37.2,15.7,26.45,70,82.7,76.35,79.6,50,50,59.8666666666667
183,France,2003,2144133.75,115771.469976351,12379475.4147213,59.2,70,67,68.5,41.3,15.7,28.5,70,87,78.5,81.4,50,50,60.4666666666667
184,France,2004,2188098.25,118423.898579306,12626282.0013982,60.9,70,63,66.5,44.3,14.5,29.4,70,86.4,78.2,79.8,70,50,66.6
185,France,2005,2372596.75,119947.265478245,12883439.1797623,60.5,70,69,69.5,44.8,10.9,27.85,70,86,70.1,80.2,70,50,66.7333333333333
186,France,2006,2432615.5,120515.798368857,13156375.3385178,61.1,70,71,70.5,46.6,11.2,28.9,88,85.6,76.7,82.4,50,50,60.8
187,France,2007,2546277.75,124693.536551446,13456513.6166286,62.1,70,75,72.5,46.3,13.5,29.9,87.2,81,74.7666666666667,81.6,50,60,63.8666666666667
188,France,2008,2568574.25,126528.60041125,13744748.1160698,64.70131313,70,74,72,53.2156,13.1668,33.1912,88.00619586,81.19239644,75.1995307666667,81,60,70,70.3333333333333
189,France,2009,2487517.5,124904.802778314,13951860.466284,63.28478214,70,73,71.5,50.893651,14.4532,32.6734255,87.42660932,71.72724179,71.21795037,80.8,60,70,70.2666666666667
190,France,2010,2591608.5,126487.438742744,14170157.7750665,64.2,80,69,74.5,51.9,17.9,34.9,86.3,79.7,73.5666666666667,82.5,50,70,67.5
191,France,2011,2665867.25,128862.986263317,14393688.0359193,64.6,80,69,74.5,52.3,16.4,34.35,85.6,83.7,73.5666666666667,82.6,55,70,69.2
192,France,2012,2701083,129725.702377947,14608977.9333629,63.2,80,68,74,53.8,5.3,29.55,83.7,82.3,72.5333333333334,82.1,55,70,69.0333333333333
193,France,2013,2675257,129319.372159837,14809601.7205432,64.1,80,70,75,53,5.6,29.3,84,81.1,71.8666666666667,81.8,65,70,72.2666666666667
194,France,2014,2680612.5,129880.753443923,15002390.5568935,63.5,80,69.9,74.95,48.4,5.6,27,79.9,76.1,69.2666666666667,82.8,70,70,74.2666666666667
195,France,2015,2730343.75,131148.048971923,15191794.979249,62.5,80,71,75.5,47.5,2.5,25,80.2,77.5,67.0666666666667,83,70,70,74.3333333333333
196,France,2016,2765765.25,133141.176978036,15389935.7249465,62.3,80,69,74.5,47.7,2.5,25.1,78.4,79.1,67,83,70,70,74.3333333333333
197,France,2017,2869816.5,133920.567551466,15610931.4402683,63.3,85,69.7,75.8,47.6,2,35.5333333333333,78,81.6,67.9,82,70,70,74
198,France,2018,2902140.75,135300.886096629,15842478.6789932,63.9,84,65.1,73.9333333333333,47.3,2.7,36.9333333333333,80.2,81.6,68.9333333333333,81.9,75,70,75.6333333333333
199,France,2019,2946958.25,138698.894297962,16093295.2794041,63.8,82.5,67.9,72.1666666666667,48.4,3.9,39.0666666666667,81.2,79.1,68.5,81,75,70,75.3333333333333
200,Germany,2000,3035471.75,207045.158123076,14784495.0592955,65.7,90,79,84.5,38.6,28,33.3,70,88.1,79.05,78,70,50,66
201,Germany,2001,3076616,205653.748137243,15067005.9931766,69.5,90,80,85,44.7,33.7,39.2,70,89.4,79.7,78,90,50,72.6666666666667
202,Germany,2002,3065723,203712.224896035,15281904.159886,70.4,90,76,83,53.3,36.5,44.9,70,88,79,79.6,90,50,73.2
203,Germany,2003,3140563.5,201310.550029917,15475457.2599663,69.7,90,74,82,55.7,30,42.85,70,86.6,78.3,81.4,90,50,73.8
204,Germany,2004,3231047.25,202447.26159518,15659642.9097461,69.5,90,73,81.5,56.4,29.4,42.9,70,87.1,78.55,79.8,90,50,73.2666666666667
205,Germany,2005,3391866.5,201251.88126205,15840916.9434427,68.1,90,77,83.5,58.4,28.6,43.5,70,88.1,68.9333333333333,80.2,90,50,73.4
206,Germany,2006,3470312,206043.234723388,16066238.3486446,70.8,90,82,86,60.8,31.7,46.25,89.1,87.1,73.5333333333333,82.4,90,50,74.1333333333333
207,Germany,2007,3665398.5,209980.931290957,16297999.3577299,70.8,90,82,86,61.4,33.7,47.55,88.9,81.5,71.5333333333334,86.6,90,50,75.5333333333333
208,Germany,2008,3750630.75,212302.838044955,16522419.5645042,70.60863452,90,80,85,58.427,34.0117,46.21935,89.93119251,81.44987602,72.5603561766667,86,80,60,75.3333333333333
209,Germany,2009,3498118,207029.008294623,16656687.9387868,70.48216392,90,78,84,58.4575,38.1652,48.31135,90.26139629,80.7756832,71.4790264966667,85.8,80,60,75.2666666666667
210,Germany,2010,3672402,211640.226455614,16831957.3661068,71.1,90,79,84.5,58.3,41.4,49.85,89.6,79.9,69.8,87.5,85,60,77.5
211,Germany,2011,3861188.25,215044.527687168,17055875.359845,71.8,90,80,85,58.5,42.7,50.6,89.6,83.9,71.3666666666667,87.6,85,60,77.5333333333333
212,Germany,2012,3830993.25,214670.983341517,17267505.4530607,71,90,79,84.5,61.3,32.2,46.75,90.5,83.5,71.8,87.1,85,60,77.3666666666667
213,Germany,2013,3839727.75,214682.964102209,17461165.2675634,72.8,90,80,85,61.8,37.3,49.55,92.1,81.2,72.3666666666667,86.8,85,70,80.6
214,Germany,2014,3973957.75,217153.842210173,17674904.5476537,73.4,90,80.1,85.05,61.2,38.2,49.7,89.9,80.8,72.3666666666667,87.8,90,70,82.6
215,Germany,2015,3931076.75,218407.306501264,17891886.125717,73.8,90,78,84,60.8,40.1,50.45,88.2,81.5,73.6333333333333,88,90,70,82.6666666666667
216,Germany,2016,4048522.75,219615.508719684,18129755.6397021,74.4,90,79,84.5,61.5,41.3,51.4,90,83.3,74.6333333333333,88,90,70,82.6666666666667
217,Germany,2017,4236518.5,222624.792387752,18376529.0895079,73.8,82.9,77.7,80.0333333333334,61.9,41.4,64.4,86.6,85.9,71.7666666666667,87,80,70,79
218,Germany,2018,4263030.5,226187.211161322,18639088.1781195,74.2,81,75.3,78.1,61.3,41.3,64.4666666666667,86.1,86.2,75.2,86.9,80,70,78.9666666666667
219,Germany,2019,4275312,228222.438956776,18910075.5302116,73.5,79.9,81.3,78.8666666666667,60.8,42.3,64.9666666666667,83.3,77.9,71.3333333333333,86,80,70,78.6666666666667
220,Greece,2000,281011.96875,25611.0643891704,1897376.04356194,61,70,49,59.5,52.2,54.4,53.3,70,75.5,72.75,77.8,70,30,59.2666666666667
221,Greece,2001,291715.15625,25804.7135633901,1945819.66793216,63.4,70,49,59.5,50.9,54.4,52.65,70,78.3,74.15,78,70,50,66
222,Greece,2002,303662.78125,26551.389403133,1989831.20666275,59.1,50,49,49.5,50.1,54.4,52.25,70,78.7,74.35,79.6,50,50,59.8666666666667
223,Greece,2003,305441.6875,27123.0406089585,2045602.99866502,58.8,50,42,46,57.2,50.3,53.75,70,78.5,74.25,81.4,50,50,60.4666666666667
224,Greece,2004,319653.59375,27837.8796608455,2101497.71437728,59.1,50,42,46,58.4,53.2,55.8,70,78.1,74.05,79.8,50,50,59.9333333333333
225,Greece,2005,326492.3125,28926.5868040435,2141746.51973869,59,50,43,46.5,58,54.4,56.2,70,78.1,68.0666666666667,80.2,50,50,60.0666666666667
226,Greece,2006,351992.5,29330.4909841152,2199391.58040346,60.1,50,43,46.5,61,53.9,57.45,73.2,78.7,70.1666666666667,82.4,50,50,60.8
227,Greece,2007,352220.4375,29499.4714593399,2270602.62833054,58.7,50,43,46.5,62.4,53.4,57.9,69.7,78.4,68.7,81.6,50,40,57.2
228,Greece,2008,362663.5,29738.8535164607,2326220.05186844,60.60371836,50,44,47,65.5699,57.8125,61.6912,70.42300588,78.4628278,69.2286112266667,81,50,50,60.3333333333333
229,Greece,2009,350892.5,29146.8361177028,2361945.75329013,60.83740978,50,46,48,66.5275,46.3213,56.4244,78.70185244,78.83163532,72.9111625866667,80.8,50,50,60.2666666666667
230,Greece,2010,324407.4375,27550.6310360801,2375374.8833507,62.7,60,47,53.5,65.9,41.9,53.9,77.4,77.6,70.0333333333333,82.5,60,60,67.5
231,Greece,2011,294014.78125,25967.9238573974,2367087.45921853,60.3,50,38,44,65.9,34.3,50.1,76.2,80.6,70.6666666666667,82.6,60,60,67.5333333333333
232,Greece,2012,281534.375,24737.9744688211,2348135.49962812,55.4,50,35,42.5,65.3,16.2,40.75,76.3,72.6,61.8333333333333,82.1,60,60,67.3666666666667
233,Greece,2013,281881.125,24391.2321311026,2329200.90405026,55.4,40,34,37,66.2,24.7,45.45,77.1,73.4,64.2,81.8,65,50,65.6
234,Greece,2014,278412.3125,24404.5938176184,2310091.68065591,55.7,40,33.2,36.6,65.9,19.2,42.55,75.8,76.3,68.6666666666667,82.8,60,50,64.2666666666667
235,Greece,2015,280679.0625,24948.3215426718,2291539.3331866,54,40,40,40,64.2,0,32.1,73.3,77.8,67.5666666666667,83,60,50,64.3333333333333
236,Greece,2016,274068.90625,25229.0904454564,2275532.4324724,53.2,40,43,41.5,64.4,0,32.2,73.8,77.7,67.2333333333333,83,60,40,61
237,Greece,2017,279853.40625,25932.2313155349,2264766.55978245,55,52.5,41.3,49.9666666666667,61.1,5.4,41.5333333333333,74.3,78.2,67.8333333333333,82,60,40,60.6666666666667
238,Greece,2018,279920.59375,26486.2555393568,2250547.25050202,57.3,52.3,37.9,49.7333333333333,60.4,20.9,50.6,74.4,81,69.9333333333333,81.9,55,40,58.9666666666667
239,Greece,2019,284893.625,27040.7685724042,2234593.00412421,57.7,52.4,37.7,46.5333333333333,59.1,23.3,53.8,74.1,79.1,68.5666666666667,81,55,50,62
240,Hungary,2000,169189.09375,23585.8359294736,841411.879181601,64.4,70,50,60,63.9,39.3,51.6,70,69.6,69.8,76.6,70,70,72.2
241,Hungary,2001,178936.125,23433.9772346229,866698.528538261,65.6,70,52,61,65.7,41.9,53.8,70,73.3,71.65,77.8,70,70,72.6
242,Hungary,2002,188578.796875,23464.5037088142,894852.024774558,64.5,70,52,61,65.5,28,46.75,70,74.7,72.35,80,70,70,73.3333333333333
243,Hungary,2003,195194.296875,23814.6420896371,921740.331338458,63,70,53,61.5,65.6,22.3,43.95,70,70.6,70.3,76,70,70,72
244,Hungary,2004,192938.703125,23817.2492013815,952213.477523414,62.7,70,49,59.5,65.6,20.1,42.85,70,73.7,71.85,76,70,70,72
245,Hungary,2005,213748.796875,23548.4660864485,983424.483743716,63.5,70,48,59,67.9,25.6,46.75,70,75.6,71.2666666666667,70,70,70,70
246,Hungary,2006,213627.03125,23679.6793829018,1013228.97412269,65,70,48,59,68.2,27.1,47.65,70.8,74.3,71.5333333333334,82.4,70,70,74.1333333333333
247,Hungary,2007,214849.609375,23364.8125686732,1043617.15324925,64.8,70,50,60,68.8,26.8,47.8,70.2,76.6,71.8333333333333,86.6,70,60,72.2
248,Hungary,2008,232411.359375,23199.08904444,1072208.02025868,67.64237826,70,52,61,70.04,26.4925,48.26625,74.4314475,77.20201401,73.9778205033333,86,80,70,78.6666666666667
249,Hungary,2009,223814.203125,22521.7532503663,1092873.51076242,66.81842071,70,53,61.5,70.5671,19.1917,44.8794,77.3926704,73.80281441,73.1984949366667,85.8,80,70,78.6
250,Hungary,2010,236413.09375,22679.5697324459,1106465.03884332,66.1,65,51,58,68.6,25.9,47.25,76.8,74.1,72.8333333333333,87.5,75,70,77.5
251,Hungary,2011,241607.953125,22643.3554704775,1118533.47980858,66.6,65,51,58,69.7,27.4,48.55,76.5,75.9,73.3666666666667,87.6,75,70,77.5333333333333
252,Hungary,2012,238506.25,22773.9042150385,1128133.57866663,67.1,70,47,58.5,78.6,24.4,51.5,79.8,76.1,74.5,87.1,70,70,75.7
253,Hungary,2013,238943.671875,23099.4815881149,1142771.34764351,67.3,65,46,55.5,79.7,29.7,54.7,79.1,77.1,73.5333333333333,86.8,75,70,77.2666666666667
254,Hungary,2014,244114.28125,24471.0020882618,1163942.11670764,67,60,48.6,54.3,81.1,26.8,53.95,79.3,75.6,73.5333333333333,87.8,75,70,77.6
255,Hungary,2015,247172.90625,25086.3728296873,1186935.01322749,66.8,55,54,54.5,78.7,25.9,52.3,74.5,79.2,73.8,88,75,70,77.6666666666667
256,Hungary,2016,247402.421875,26364.501528591,1199753.95396888,66,45,54,49.5,78.7,26.7,52.7,70.6,88.3,74.2333333333333,88,75,70,77.6666666666667
257,Hungary,2017,261819.46875,26810.6002620742,1224100.54830612,65.8,60.1,41.5,51.1333333333333,79.3,25.3,61.3,64,91.7,73.3666666666667,87,75,70,77.3333333333333
258,Hungary,2018,270981.65625,27253.7437193754,1258633.24859338,66.7,57.6,36.4,50.3666666666667,78.6,29.4,63.4666666666667,61.8,91.6,74.0333333333333,86.9,80,70,78.9666666666667
259,Hungary,2019,283145.15625,27776.3622739904,1301065.04636801,65,60.9,35.3,47.1333333333333,78.6,31.7,65.1,61.1,81.8,69.2,86,80,70,78.6666666666667
260,Iceland,2000,11070.0595703125,752.253709995495,61234.6309523377,74,90,93,91.5,64.8,58.9,61.85,70,86.6,78.3,82.4,70,50,67.4666666666667
261,Iceland,2001,11638.28125,772.361433347636,62654.4464034022,73.4,90,92,91,62.9,58.9,60.9,70,84.6,77.3,82.4,70,50,67.4666666666667
262,Iceland,2002,11610.1552734375,751.724034540631,63567.249698553,73.1,90,91,90.5,63.1,44.5,53.8,85,81.7,83.35,82.2,70,50,67.4
263,Iceland,2003,11665.775390625,745.345759987687,64763.5404293935,73.5,90,92,91,69,43,56,85,84.7,84.85,77.8,70,50,65.9333333333333
264,Iceland,2004,12295.7353515625,752.163485985874,66742.1563083193,72.1,90,94,92,58.7,37.9,48.3,85,85.2,85.1,78.2,70,50,66.0666666666667
265,Iceland,2005,13454.3115234375,777.521983516711,69709.1839636796,76.6,90,96,93,72.5,30.9,51.7,85,88.6,79.4,78.2,70,90,79.4
266,Iceland,2006,13095.8623046875,812.507595567997,73609.7154272563,75.8,90,95,92.5,73.7,32,52.85,95.1,88.8,83.1,78.2,50,90,72.7333333333333
267,Iceland,2007,13818.8916015625,837.841113255537,76781.5732915748,76,90,97,93.5,73.5,41.7,57.6,94.9,82.9,81.3333333333333,84,60,70,71.3333333333333
268,Iceland,2008,17616.552734375,851.522873523936,78926.9683065859,75.80645195,90,96,93,73.584,46.3213,59.95265,94.47526636,74.76763365,79.0476333366667,85,60,70,71.6666666666667
269,Iceland,2009,15098.466796875,751.945242216821,78457.1992678087,75.91187498,90,92,91,76.23,44.0128,60.1214,93.63304714,75.3383497,76.2904656133333,88,70,70,76
270,Iceland,2010,13883.66796875,754.527572496588,77660.810706673,73.7,90,89,89.5,75.4,45.8,60.6,93,69.9,74.5666666666667,87.9,65,60,70.9666666666667
271,Iceland,2011,14248.505859375,778.461752306833,77259.9971630372,68.2,90,87,88.5,69.8,0,34.9,92.7,68.6,74,88.2,65,60,71.0666666666667
272,Iceland,2012,14826.80859375,793.024912517532,77043.6285438311,70.9,90,85,87.5,73.5,21.8,47.65,92,72.5,75.1333333333333,88.2,65,60,71.0666666666667
273,Iceland,2013,14737.5693359375,815.461582595067,76917.9062788608,72.1,90,83,86.5,72.7,36.2,54.45,91.5,75.8,75.4,87.8,65,60,70.9333333333333
274,Iceland,2014,14973.0517578125,830.018580960902,77236.4913281584,72.4,90,84.2,87.1,72.9,32.9,52.9,91.2,76,75.4333333333333,87.9,70,60,72.6333333333333
275,Iceland,2015,15658.3701171875,855.085316146091,78129.4597888872,72,90,78,84,72,32.6,52.3,90.5,77,76.5666666666667,88,70,60,72.6666666666667
276,Iceland,2016,16145.8720703125,886.435931863921,79521.7740815098,73.3,90,79,84.5,73.3,42.1,57.7,90.1,79.5,77.0666666666667,87.8,70,60,72.6
277,Iceland,2017,16667.591796875,909.938023216803,81207.2118124367,74.4,85,71.5,76,70.9,41.1,67.5333333333333,90.2,81.2,78,88,80,60,76
278,Iceland,2018,16951.724609375,916.366092415408,82765.5779314645,77,86.7,77.3,78.8666666666667,72.1,44.2,70.2,89.5,81.7,77.6666666666667,88.5,85,70,81.1666666666667
279,Iceland,2019,17972.625,918.220242349082,84050.7886256584,77.1,87.4,83.8,78.3333333333333,72.7,44,71.1333333333333,88.4,81.7,78.0666666666667,87,85,70,80.6666666666667
280,Ireland,2000,150364.546875,9322.7350574331,621263.290829625,76.1,90,82,86,60.6,63.3,61.95,85,85.8,85.4,78,70,70,72.6666666666667
281,Ireland,2001,161672.5625,9620.4508109996,661763.430016236,81.2,90,77,83.5,63,71.2,67.1,85,86.6,85.8,78,90,90,86
282,Ireland,2002,181303.34375,9732.94237926113,703435.408912565,80.5,90,72,81,66.5,69.3,67.9,85,81.8,83.4,79.6,90,90,86.5333333333334
283,Ireland,2003,198060.453125,9900.96176948323,748489.412006047,80.9,90,75,82.5,69.4,66.3,67.85,85,81.2,83.1,81.4,90,90,87.1333333333333
284,Ireland,2004,209840.546875,10246.8482716529,798728.957251967,80.3,90,69,79.5,71.8,66.3,69.05,85,81.1,83.05,79.8,90,90,86.6
285,Ireland,2005,231393.453125,10843.7404170204,859476.169561138,80.8,90,75,82.5,72.6,64.5,68.55,85,82.5,81.9,80.2,90,90,86.7333333333333
286,Ireland,2006,238354,11321.2054552824,923092.46071497,82.2,90,75,82.5,72,64.7,68.35,93.7,84.4,85.9,82.4,90,90,87.4666666666667
287,Ireland,2007,260283.015625,11718.9461545323,983412.201772126,82.6,90,74,82,71.7,65.9,68.8,92.1,85.3,86,86.6,90,90,88.8666666666667
288,Ireland,2008,248413.34375,11588.3440657036,1030440.60662575,82.50433462,90,74,82,71.495,64.4992,67.9971,93.04025281,84.90841641,86.3495564066667,86,90,90,88.6666666666667
289,Ireland,2009,237668.078125,10636.1804792108,1060159.73676294,82.20090549,90,75,82.5,69.2375,64.9108,67.07415,92.99975922,84.34227451,85.68067791,85.8,90,90,88.6
290,Ireland,2010,241319.515625,9825.95343458247,1075991.75402589,81.3,90,77,83.5,71.1,61.8,66.45,92.8,79,83.6,87.5,95,80,87.5
291,Ireland,2011,246609.625,9790.37735511943,1089825.29641318,78.7,90,80,85,72.1,47.1,59.6,92,80.7,83.4,87.6,90,70,82.5333333333333
292,Ireland,2012,250748.765625,9792.8735800436,1111683.06043864,76.9,90,80,85,73.9,30.4,52.15,92.8,76.7,82.6333333333333,87.1,90,70,82.3666666666667
293,Ireland,2013,250350.484375,10132.3239127025,1127574.33971905,75.7,90,75,82.5,73.8,28.8,51.3,83.4,82.8,80.9333333333333,86.8,90,70,82.2666666666667
294,Ireland,2014,270237.5625,10493.6994466883,1155104.63281327,76.2,90,74.8,82.4,74,30.6,52.3,83.4,81.7,81.5333333333334,87.8,90,70,82.6
295,Ireland,2015,353539,10974.3156195971,1217928.39312406,76.6,85,72,78.5,73.6,45.6,59.6,82.1,83.9,80.7333333333333,88,90,70,82.6666666666667
296,Ireland,2016,381243.1875,11372.4716547872,1327778.11375381,77.3,90,74,82,73.6,50.3,61.95,79.6,85.5,79.0666666666667,88,90,70,82.6666666666667
297,Ireland,2017,412625.75,11874.0069630189,1418542.74733085,76.7,85.8,78.3,80.8,72.7,57.1,63.3666666666667,80.3,87.6,80.5,87,90,70,82.3333333333333
298,Ireland,2018,441620.21875,12407.2903998345,1488832.40397946,80.4,87.7,79,81.9,76.1,69.6,75.5,81.8,87.4,81.8666666666667,86.9,90,70,82.3
299,Ireland,2019,501053.59375,12759.4715229433,1668409.06767045,80.5,85.8,78,77.4,76.3,77.4,80.9,83.1,87,81.8,86,90,70,82
300,Italy,2000,2046561.75,117524.968862985,12939533.9155077,61.9,70,46,58,45.6,22,33.8,70,85.7,77.85,77.8,70,70,72.6
301,Italy,2001,2047270.5,120272.574241294,13250435.2576623,63,70,47,58.5,47.1,28,37.55,70,86.5,78.25,78,70,70,72.6666666666667
302,Italy,2002,2019462.75,122962.236839174,13577186.7272314,63.6,70,46,58,48,33.7,40.85,70,85.5,77.75,79.6,70,70,73.2
303,Italy,2003,2028394.5,125260.495004309,13884891.4264967,64.3,70,55,62.5,48,29.4,38.7,70,84.7,77.35,81.4,70,70,73.8
304,Italy,2004,2040372.75,126996.700982869,14196900.8251667,64.2,70,52,61,49.7,31.7,40.7,70,84.8,77.4,79.8,70,70,73.2666666666667
305,Italy,2005,2123677.25,128569.297475451,14509884.4759226,64.9,70,53,61.5,49.6,27.4,38.5,70,84.7,76.4,80.2,70,70,73.4
306,Italy,2006,2202942.75,132382.671641507,14830199.5455025,62,50,48,49,52,29.1,40.55,78.4,85.2,79.4,82.4,70,50,67.4666666666667
307,Italy,2007,2307500.75,135297.494497925,15148679.7096433,62.8,50,50,50,52.8,31.5,42.15,77,80.5,77.3,81.6,70,60,70.5333333333333
308,Italy,2008,2359304.75,135323.972966582,15424423.3697335,62.57384268,50,49,49.5,54.2984,29.4325,41.86545,76.95889845,80.59190122,77.3502665566667,81,70,60,70.3333333333333
309,Italy,2009,2266004,131617.401166394,15610421.1255126,61.41478683,50,52,51,55.7999,24.6997,40.2498,78.6758541,80.83366268,73.60317226,80.8,70,60,70.2666666666667
310,Italy,2010,2293011,132005.910315203,15796915.3413912,62.7,55,48,51.5,55.2,31.2,43.2,77.9,79,71.7,87.5,75,60,74.1666666666667
311,Italy,2011,2351126.5,133182.96465172,15965946.8975488,60.3,50,43,46.5,55.4,28.6,42,77.3,82.1,67.9333333333333,87.6,75,60,74.2
312,Italy,2012,2301511,130951.413701411,16060115.9450468,58.8,50,39,44.5,55,19.4,37.2,77.4,82,67.4666666666667,87.1,75,60,74.0333333333333
313,Italy,2013,2246689.25,127403.76085247,16110922.3378054,60.6,50,39,44.5,55.5,25.3,40.4,76.9,80.2,69.7,86.8,80,60,75.6
314,Italy,2014,2232717.75,127384.742130439,16150424.9918559,60.9,50,38.5,44.25,55.5,25.6,40.55,75.5,78.9,68.9666666666667,87.8,85,60,77.6
315,Italy,2015,2241117,129536.904949515,16200583.3073405,61.7,55,43,49,54.2,23.2,38.7,71.9,81.2,69.5,88,85,60,77.6666666666667
316,Italy,2016,2351041.25,132797.996411964,16272191.7987489,61.2,50,43,46.5,55.8,22.1,38.95,70.3,84.5,69.2666666666667,88,85,60,77.6666666666667
317,Italy,2017,2436383.25,135159.299113628,16357081.3190131,62.5,74.6,44.7,58.2333333333333,54.9,22.3,48.0333333333333,69.8,86.9,69.8666666666667,87,85,50,74
318,Italy,2018,2458235.75,137461.925137879,16455054.8763731,62.5,71.2,40.1,57.4,55.2,24.1,49.1666666666667,70.3,88.2,69.6,86.9,85,50,73.9666666666667
319,Italy,2019,2466327.5,138874.945336761,16557477.1993901,62.2,71.7,43.7,55.0666666666667,55.6,26.5,51.1333333333333,71.7,84,68.9333333333333,86,85,50,73.6666666666667
320,Latvia,2000,28260.009765625,5200.10475192246,319831.037137671,63.4,50,27,38.5,76.8,47.1,61.95,70,78.5,74.25,81,70,70,73.6666666666667
321,Latvia,2001,30325.771484375,5376.0492622536,325722.804456865,66.4,50,34,42,75.5,65.3,70.4,70,83.2,76.6,80,70,70,73.3333333333333
322,Latvia,2002,31348.435546875,5370.76514323196,329650.674374918,65,50,34,42,76.8,49.6,63.2,70,84.4,77.2,80,70,70,73.3333333333333
323,Latvia,2003,31995.59765625,5416.10243002867,333791.953808752,66,50,34,42,78.3,58,68.15,70,84.9,77.45,78.6,70,70,72.8666666666667
324,Latvia,2004,33193.8515625,5335.10287420244,340974.51227281,67.4,50,37,43.5,82.2,62.2,72.2,70,85.8,77.9,79.8,70,70,73.2666666666667
325,Latvia,2005,37609.6796875,5504.99384153062,350375.512636369,66.3,50,38,44,83.6,52.7,68.15,70,84.8,72.7666666666667,80,70,70,73.3333333333333
326,Latvia,2006,39778.3125,5834.78709477527,360038.394520472,66.9,50,40,45,83.5,51,67.25,75,80.8,74.1333333333333,82.4,70,70,74.1333333333333
327,Latvia,2007,43205.10546875,5968.55143337491,371604.925982519,67.9,50,42,46,83.9,61.3,72.6,74.5,74.2,71.8666666666667,86.6,70,70,75.5333333333333
328,Latvia,2008,45639.49609375,6325.30865999294,379700.432656375,68.31869033,55,47,51,83.3775,59.1517,71.2646,74.76265671,73.83439385,70.8990168533333,86,70,70,75.3333333333333
329,Latvia,2009,39659.46484375,5328.25941885389,381505.3949311,66.60205967,55,48,51.5,82.2584,58.4848,70.3716,73.79661881,71.08371464,68.8267778166667,85.8,70,60,71.9333333333333
330,Latvia,2010,40952.0234375,4994.34208497451,380851.118817479,66.2,55,50,52.5,82.7,57.4,70.05,72.9,67,66.3333333333333,87.5,80,50,72.5
331,Latvia,2011,44953.77734375,5168.3577648582,382942.657073082,65.8,50,45,47.5,82.5,55.5,69,72.8,73.5,69.2,87.6,80,50,72.5333333333333
332,Latvia,2012,46669.96484375,5222.33597763109,386704.857061467,65.2,50,43,46.5,84.3,43.8,64.05,75.9,79.1,71.3666666666667,87.1,80,50,72.3666666666667
333,Latvia,2013,46382.71875,5343.29873717558,389166.187437567,66.5,50,42,46,84.4,53.6,69,75.7,78.3,72.8,86.8,80,50,72.2666666666667
334,Latvia,2014,47728.140625,5312.5559661619,391532.19826427,68.7,50,43.6,46.8,84.6,54.9,69.75,82.5,79.7,76.9,87.8,85,50,74.2666666666667
335,Latvia,2015,49375.71875,5290.8826240256,393645.654881144,69.7,50,53,51.5,84.4,59.2,71.8,82.1,83.8,75.8,88,85,50,74.3333333333333
336,Latvia,2016,50344.99609375,5287.14147470695,394414.413252696,70.4,50,55,52.5,84.8,58.4,71.6,78.6,84.8,74.3,88,85,60,77.6666666666667
337,Latvia,2017,52996.41015625,5249.70673825048,396382.642300791,74.8,72.6,67.3,66.5333333333334,84.7,57.4,79.0333333333333,79.8,86.5,79.4333333333333,87,75,60,74
338,Latvia,2018,54939.5859375,5375.21316870053,399949.977300023,73.6,68.3,45.4,57.5333333333333,84,59,79.4333333333333,80.1,87.3,79.9666666666667,86.9,85,60,77.3
339,Latvia,2019,56079.4453125,5277.90180226117,403379.55647907,70.4,67.3,35.5,50.4,77,57.1,77,77.5,81.1,77.3,86,85,60,77
340,Lithuania,2000,42412.74609375,7514.80505831731,211919.206169443,61.9,50,30,40,70.5,63.3,66.9,70,72.3,71.15,81,70,50,67
341,Lithuania,2001,45366.3359375,7253.18959408146,215136.555170331,65.5,50,38,44,71,73,72,70,84.8,77.4,82.8,70,50,67.6
342,Lithuania,2002,46322.5234375,7478.34713050517,219053.680609995,66.1,50,41,45.5,74.1,69.3,71.7,70,87.7,78.85,82.8,70,50,67.6
343,Lithuania,2003,51015.4609375,7656.38743087949,224269.141136643,69.7,50,48,49,78.8,71.5,75.15,70,88.1,79.05,80.4,70,70,73.4666666666667
344,Lithuania,2004,51513.88671875,8068.03391993606,230791.158214377,72.4,50,48,49,82.8,70.6,76.7,70,90.1,80.05,80.2,70,90,80.0666666666667
345,Lithuania,2005,58152.4375,8267.21144509326,238138.395332044,70.5,50,47,48.5,82.8,65.1,73.95,70,90.1,71.9666666666667,84,70,90,81.3333333333333
346,Lithuania,2006,61805.03515625,8290.47811969516,247663.981174396,71.8,50,46,48,82.9,63.9,73.4,85.2,90.4,77.5666666666667,82.4,70,90,80.8
347,Lithuania,2007,67008.109375,8620.47860743205,260095.630805377,71.5,50,48,49,86.5,70.8,78.65,84.3,81.1,74.2333333333333,86.6,70,80,78.8666666666667
348,Lithuania,2008,70758.921875,8647.65129089098,270489.162633419,70.90432441,50,48,49,86.3391,68.3125,77.3258,84.15586318,78.50670145,73.45418821,86,70,80,78.6666666666667
349,Lithuania,2009,60991.7109375,7704.28587986142,272662.487102582,69.9526597,50,48,49,87.6219,65.32,76.47095,82.40668052,75.79195567,70.93287873,85.8,70,80,78.6
350,Lithuania,2010,65531.7421875,7625.03999942588,275073.323466696,70.3,55,46,50.5,84.6,63.5,74.05,82,70.8,70.4333333333333,87.5,75,80,80.8333333333333
351,Lithuania,2011,72970.46875,7676.13077935031,279779.384324364,71.3,60,49,54.5,86.1,58,72.05,81.7,74.5,70.6,87.6,80,80,82.5333333333333
352,Lithuania,2012,77256.609375,7859.24683975062,283825.283292551,71.5,60,50,55,93.6,41.7,67.65,79.2,79.3,74.3666666666667,87.1,80,80,82.3666666666667
353,Lithuania,2013,77322.859375,7920.17301045477,288873.801279458,72.1,60,48,54,92.8,53.6,73.2,77.6,78.3,73.3333333333333,86.8,80,80,82.2666666666667
354,Lithuania,2014,79913.2734375,8054.14004122535,294564.477400469,73,60,49.9,54.95,92.9,55.9,74.4,85.7,78.6,74.4333333333333,87.8,80,80,82.6
355,Lithuania,2015,79636.4375,8291.20280227432,300825.479288715,74.7,60,57,58.5,92.9,61.3,77.1,84.9,81.2,76.0333333333334,88,80,80,82.6666666666667
356,Lithuania,2016,81158.296875,8614.53886350744,307137.030177892,75.2,65,58,61.5,92.9,63.8,78.35,80,84.6,74.8666666666667,88,80,80,82.6666666666667
357,Lithuania,2017,84886.65625,8394.78937153961,314415.041912895,75.8,73,69.7,68.3666666666667,86.9,64.1,81.5333333333333,79.1,90,77.5666666666667,87,70,70,75.6666666666667
358,Lithuania,2018,86619.15625,8538.81546165186,322961.223657463,75.3,73.8,50.9,63.8,86.4,63.9,82.3333333333333,73.4,89.9,75.9333333333333,86.9,80,70,78.9666666666667
359,Lithuania,2019,89642.1796875,8577.81532827858,332155.395887012,74.2,73.6,47.8,60.8666666666667,86.4,65.1,82.9333333333333,75.2,84.6,74.4666666666667,86,80,70,78.6666666666667
360,Luxembourg,2000,29038.34375,1210.09490498858,119173.731055806,76.4,90,87,88.5,51.3,67.3,59.3,85,88.3,86.65,79,70,70,73
361,Luxembourg,2001,27308.109375,1273.40974117314,123114.228632506,80.1,90,88,89,52.5,58.9,55.7,85,88.6,86.8,78,90,90,86
362,Luxembourg,2002,26584.765625,1313.75680591327,126555.468804975,79.4,90,86,88,56.8,52,54.4,85,85.2,85.1,79.6,90,90,86.5333333333334
363,Luxembourg,2003,25839.4453125,1342.26204814015,131629.150020372,79.9,90,87,88.5,59.8,51.5,55.65,85,84.7,84.85,81.4,90,90,87.1333333333333
364,Luxembourg,2004,24008.029296875,1378.68124819036,136327.084651418,78.9,90,90,90,58.9,41.4,50.15,85,85.3,85.15,79.8,90,90,86.6
365,Luxembourg,2005,30263.482421875,1400.53527101946,143147.930315774,76.3,90,87,88.5,64.3,39,51.65,85,85.9,74.1,80.2,90,90,86.7333333333333
366,Luxembourg,2006,30170.251953125,1476.17124306777,148015.81623485,75.3,90,84,87,65.7,36.8,51.25,76.9,85.7,71.3333333333333,82.4,90,90,87.4666666666667
367,Luxembourg,2007,32425.08203125,1581.59808914632,153710.94999899,74.6,90,85,87.5,65.3,44,54.65,76.9,80.2,68.3,86.6,90,80,85.5333333333334
368,Luxembourg,2008,32211.30859375,1685.37404104878,160505.632801027,74.66880629,90,86,88,65.4083,44.7877,55.098,77.28469126,79.78133488,68.1553420466667,86,90,80,85.3333333333333
369,Luxembourg,2009,30086.37109375,1675.87582573865,164506.71894503,75.19454271,90,84,87,66.335275,54.37,60.3526375,76.17806193,80.16051462,67.1461921833333,85.8,90,80,85.2666666666667
370,Luxembourg,2010,34426.83984375,1735.5946338027,169571.343009477,75.4,90,83,86.5,65.9,58.5,62.2,75.1,78.9,64.8,87.5,95,80,87.5
371,Luxembourg,2011,34691.48046875,1808.82931275623,176339.944915546,76.2,90,82,86,66.7,58.5,62.6,76.4,82.1,67.5333333333333,87.6,95,80,87.5333333333334
372,Luxembourg,2012,36499.7734375,1865.35615200482,182972.62875033,74.5,90,85,87.5,63.6,46.6,55.1,75.9,81.3,66.0333333333334,87.1,95,80,87.3666666666667
373,Luxembourg,2013,35713.08203125,1916.19672869932,189316.750276591,74.2,90,85,87.5,65,47.1,56.05,74.8,79.3,64.3666666666667,86.8,95,80,87.2666666666667
374,Luxembourg,2014,42431.20703125,1993.83218644351,196502.455391668,74.2,90,84.1,87.05,62.8,47.6,55.2,72.6,78.9,64.8666666666667,87.8,95,80,87.6
375,Luxembourg,2015,46689.50390625,2080.81023281302,202518.336328379,73.2,90,80,85,62.3,42.2,52.25,71.3,80.7,64.7,88,95,80,87.6666666666667
376,Luxembourg,2016,50115.65625,2168.18337057335,208903.91463666,73.9,90,82,86,61.1,43,52.05,73.7,83.2,66.5,88,95,80,87.6666666666667
377,Luxembourg,2017,53625.59375,2264.86623953674,215409.058862802,75.9,85.8,78.3,80.3666666666667,64.5,46,69.8333333333333,68.6,86.2,66.2,87,95,80,87.3333333333333
378,Luxembourg,2018,53538.56640625,2387.46606494456,221139.802555683,76.4,82.7,79,79.8666666666667,65.1,48.5,70.8666666666667,69.2,87.6,67.6666666666667,86.9,95,80,87.3
379,Luxembourg,2019,55710.79296875,2510.42103504601,227437.838209745,75.9,83,85.8,80.4,65.4,46.6,70.3,68.8,82.6,65.7666666666667,86,95,80,87
380,Malta,2000,10049.6318359375,923.861636482901,26015.0658820724,58.3,70,30,50,64.1,36.5,50.3,70,72.9,71.45,61,70,50,60.3333333333333
381,Malta,2001,8969.427734375,908.988406099898,27235.5510031219,62.9,90,30,60,65.7,41.9,53.8,70,74.5,72.25,73.6,50,70,64.5333333333333
382,Malta,2002,9192.0712890625,942.489676292411,28053.2588619628,62.2,90,30,60,64.6,30.9,47.75,70,79.1,74.55,75.4,50,70,65.1333333333333
383,Malta,2003,9668.4580078125,935.238751651485,29631.7912392766,61.1,90,30,60,63.5,36.8,50.15,85,79.8,82.4,65,50,50,55
384,Malta,2004,9153.9794921875,901.800674077523,31157.0334093223,63.3,90,50,70,63.1,11.5,37.3,85,84.6,84.8,65.4,50,70,61.8
385,Malta,2005,10343.1357421875,948.819858964628,33094.1161621418,68.9,90,50,70,62.2,40.3,51.25,85,85.7,76.9,75.8,50,90,71.9333333333333
386,Malta,2006,10182.1162109375,971.022838728842,35018.3360392268,67.3,90,68,79,62.2,35.4,48.8,70,85,71.6666666666667,82.4,50,70,67.4666666666667
387,Malta,2007,10714.158203125,994.192315847307,37041.8101002466,66.1,90,66,78,61.1,27.7,44.4,70,80,70,86.6,50,70,68.8666666666667
388,Malta,2008,10701.2490234375,1027.21866833135,38589.3813237913,66.02518919,90,64,77,61.2871,29.1412,45.21415,70,79.82359186,69.9411972866667,86,50,70,68.6666666666667
389,Malta,2009,10661.5400390625,1033.35217777666,39654.1905652171,66.12878377,90,58,74,63.1096,41.6557,52.38265,70,82.72253766,70.9075125533333,85.8,50,60,65.2666666666667
390,Malta,2010,11165.517578125,1030.45465349329,41381.4631748601,67.2,80,58,69,62.5,45.6,54.05,70,78.1,69.3666666666667,87.5,70,60,72.5
391,Malta,2011,11844.349609375,1039.30282911365,42352.1448528755,65.7,70,52,61,62.5,39.8,51.15,70,80.1,70.0333333333333,87.6,75,60,74.2
392,Malta,2012,12173.044921875,1057.43036558257,43329.896484497,67,70,56,63,67.8,43.8,55.8,70,80.5,70.1666666666667,87.1,75,60,74.0333333333333
393,Malta,2013,11883.0732421875,1086.22380653851,44275.9784156629,67.5,75,56,65.5,61.2,44.1,52.65,61.1,80.4,68.9666666666667,86.8,85,60,77.2666666666667
394,Malta,2014,12364.4169921875,1113.53972480522,45370.357483736,66.4,75,55.8,65.4,63.7,47.2,55.45,62.4,79.1,64.9,87.8,80,60,75.9333333333333
395,Malta,2015,14656.3896484375,1141.05929922413,48218.4129611721,66.5,75,56,65.5,63.1,44.4,53.75,61,81.8,66.1333333333333,88,80,60,76
396,Malta,2016,14921.9306640625,1208.79874536653,50657.574795839,66.7,70,55,62.5,63.9,46.5,55.2,61.6,83.5,66.2,88,85,60,77.6666666666667
397,Malta,2017,15395.130859375,1226.86951197088,52550.1311410355,67.7,67.7,53.6,61.4,62.8,44.9,64.2666666666667,62.5,83.5,67.7333333333333,87,85,60,77.3333333333333
398,Malta,2018,16995.53125,1277.92790313323,54349.5025873561,68.5,68.1,49.9,60.2666666666667,64.7,51,68.5666666666667,64,78.8,67.9666666666667,86.9,85,60,77.3
399,Malta,2019,17134.908203125,1334.22738557666,56341.4010744376,68.6,69.8,50.3,56.8333333333333,64.2,56.1,71.6,67.1,78.2,68.8666666666667,86,85,60,77
400,Netherlands,2000,678720.5625,37742.8923937342,3088195.06621934,70.4,90,90,90,36.9,28,32.45,70,80.9,75.45,77.8,70,90,79.2666666666667
401,Netherlands,2001,687793.6875,38319.5265489354,3166292.21764962,73,90,90,90,38.4,25,31.7,70,85.7,77.85,78,90,90,86
402,Netherlands,2002,690538.8125,38252.9128800025,3231651.36399269,75.1,90,89,89.5,43.6,39.3,41.45,70,84.6,77.3,79.6,90,90,86.5333333333334
403,Netherlands,2003,691591.0625,37998.6307443469,3291289.36934164,74.6,90,88,89,44.1,35.4,39.75,70,82.8,76.4,81.4,90,90,87.1333333333333
404,Netherlands,2004,705130.9375,38318.865012154,3348870.97109519,74.5,90,90,90,45.2,32.3,38.75,70,83.2,76.6,79.8,90,90,86.6
405,Netherlands,2005,801049.3125,38444.279632777,3409904.90512967,72.9,90,89,89.5,45.7,28,36.85,70,84.8,72.1,80.2,90,90,86.7333333333333
406,Netherlands,2006,822049.5625,39461.0427633164,3480825.46223085,75.4,90,87,88.5,48,29.1,38.55,87.5,86.6,79,82.4,90,90,87.4666666666667
407,Netherlands,2007,879112.4375,40826.1001468233,3575613.45993419,75.5,90,86,88,48.8,34.9,41.85,88.4,87.2,79.4333333333333,86.6,90,80,85.5333333333334
408,Netherlands,2008,915336.4375,41633.037551064,3656755.72953533,77.35361447,90,87,88.5,51.6076,38.1652,44.8864,88.03378334,86.93317274,80.2556520266667,86,90,90,88.6666666666667
409,Netherlands,2009,838617.9375,41129.363493294,3716379.69101924,76.97843093,90,90,90,50.855,36.2437,43.54935,86.54149894,87.01227972,78.9512595533333,85.8,90,90,88.6
410,Netherlands,2010,843381.4375,40931.049499759,3761334.17832884,75,90,89,89.5,52,38.4,45.2,82.6,81,74.2333333333333,87.5,90,80,85.8333333333333
411,Netherlands,2011,863495.0625,41418.8286296442,3812043.56475308,74.7,90,89,89.5,50.6,36.8,43.7,81.9,82.7,74.3,87.6,90,80,85.8666666666667
412,Netherlands,2012,884191.5625,41205.2568072242,3846914.56066752,73.3,90,88,89,51.2,20.9,36.05,81.9,83.6,75.1666666666667,87.1,90,80,85.7
413,Netherlands,2013,925619.125,41018.1580573934,3876599.25529346,73.5,90,89,89.5,52.1,24.7,38.4,83,81.1,74.2333333333333,86.8,90,80,85.6
414,Netherlands,2014,882311.5,41441.2722458216,3900547.7481712,74.2,90,88,89,51.7,25.6,38.65,89.7,79.9,76.4,87.8,90,80,85.9333333333333
415,Netherlands,2015,875122.75,41945.9738030082,3972478.08670688,73.7,90,83,86.5,51.8,23.8,37.8,84.3,79.8,76.8,88,90,80,86
416,Netherlands,2016,873445.8125,42992.405338876,4018789.8279622,74.6,90,83,86.5,52.7,34.4,43.55,80,83.4,75.8,88,90,80,86
417,Netherlands,2017,923126.375,44032.7990788744,4075251.36134849,75.8,87.4,85.7,81,53.2,37,57.7333333333333,80.2,85.8,78.8333333333333,87,90,80,85.6666666666667
418,Netherlands,2018,936939.1875,45197.8515146599,4138507.57984318,76.2,87.9,86,82.6666666666667,52.5,39.1,59.9333333333333,80.5,87.5,76.5,86.9,90,80,85.6333333333333
419,Netherlands,2019,950077.9375,46249.8892283132,4209470.12676951,76.8,88,89.1,83.9333333333333,51.6,42.9,62.6,81.4,84,75.2333333333333,86,90,80,85.3333333333333
420,Norway,2000,253679.828125,11310.8282056539,939988.254650858,70.1,90,90,90,57.3,41.9,49.6,70,80.4,75.2,81,70,50,67
421,Norway,2001,256791.046875,11207.8343914162,961263.287209995,67.1,90,89,89.5,56.7,36.5,46.6,70,80.3,75.15,81,50,50,60.3333333333333
422,Norway,2002,247474.765625,11086.4687487812,981315.284639167,67.4,90,91,90.5,51.1,41.9,46.5,70,79.3,74.65,82.8,50,50,60.9333333333333
423,Norway,2003,266349.9375,10851.3066803111,1000552.50365067,67.2,90,86,88,50.9,41.4,46.15,70,84.1,77.05,82.8,50,50,60.9333333333333
424,Norway,2004,284456.0625,11078.4964170636,1025011.37321262,66.2,90,85,87.5,50.8,31.7,41.25,70,86.3,78.15,81.8,50,50,60.6
425,Norway,2005,353368.5625,11288.2423510276,1055807.98876934,64.5,90,88,89,50.4,28.3,39.35,70,85.5,68.2666666666667,83.6,50,50,61.2
426,Norway,2006,385067.25,11679.4259256255,1091099.3942101,67.9,90,89,89.5,50.8,34.9,42.85,91.4,88.7,76.9,84.2,50,50,61.4
427,Norway,2007,391365.46875,12258.5975353329,1134014.4009926,67.9,90,89,89.5,50.6,37.6,44.1,91.1,82.5,74.2,89.2,50,50,63.0666666666667
428,Norway,2008,445013.0625,12727.8956219593,1174830.2260015,68.56004427,90,88,89,50.302,46.3213,48.31165,89.08866058,76.14335503,71.5773385366667,86.2,60,50,65.4
429,Norway,2009,375852.1875,12578.0160848628,1207681.34011812,70.17759882,90,87,88.5,50.302,50.5492,50.4256,88.12036669,78.05195045,71.59077238,89.2,60,60,69.7333333333333
430,Norway,2010,408091.65625,12695.1414218937,1233794.26551688,69.4,90,79,84.5,50.5,49.8,50.15,88.8,74.2,70.0333333333334,89.2,65,60,71.4
431,Norway,2011,448746.96875,12955.1563657339,1264522.87475301,70.3,90,86,88,51.6,51.5,51.55,88.3,75.1,69.7333333333333,89.4,65,60,71.4666666666667
432,Norway,2012,474551.59375,13219.8248118511,1300514.34693964,68.8,90,86,88,52.5,35.3,43.9,88.4,75.1,69.9333333333333,89.3,65,60,71.4333333333333
433,Norway,2013,464938.59375,13322.0064708434,1340842.39283806,70.5,90,90,90,51,40.3,45.65,92.6,76.9,71.4,89.3,70,60,73.1
434,Norway,2014,436629.5625,13537.8977518301,1379839.61463539,70.9,90,88.1,89.05,50.6,42.2,46.4,90.9,78.7,71.4,89.1,75,60,74.7
435,Norway,2015,368037.34375,13681.3004573868,1414621.35459001,71.8,90,86,88,52.1,43.8,47.95,92.1,81.7,74,89.4,75,60,74.8
436,Norway,2016,353195.59375,13797.1953369847,1451858.71299297,70.8,90,86,88,53.2,41.8,47.5,89.6,76.2,71.4333333333333,87.8,75,60,74.2666666666667
437,Norway,2017,368649.65625,13867.3598614262,1489551.39992529,74,86.7,88.3,86.1,55.6,38.5,64.1666666666667,89.5,75.8,71.3666666666667,87.7,75,60,74.2333333333333
438,Norway,2018,401659.84375,14167.8460349183,1527972.30273449,74.3,86.4,93.6,88.6666666666667,56.4,29.2,61.1333333333333,90.4,73.9,72.9666666666667,87.9,75,60,74.3
439,Norway,2019,396253.875,14467.0478156792,1570784.24292672,73,86.1,92.3,86.5333333333334,57.4,25.3,60,89.4,75.4,72.8333333333333,83.2,75,60,72.7333333333333
440,Poland,2000,582819.0625,90984.4553445745,1256149.69148464,60,70,46,58,58.1,33.7,45.9,70,66.9,68.45,74.8,70,50,64.9333333333333
441,Poland,2001,585245.3125,89593.3652420984,1306545.60320999,61.8,70,42,56,61.3,44.5,52.9,70,70.9,70.45,77.6,70,50,65.8666666666667
442,Poland,2002,598602.1875,87182.4505367587,1347840.16546781,65,70,41,55.5,65.3,49.6,57.45,70,70.4,70.2,78.8,70,70,72.9333333333333
443,Poland,2003,603780.1875,86918.6464732926,1389145.85690126,61.8,70,41,55.5,65.6,46.1,55.85,70,73.5,71.75,70.2,50,70,63.4
444,Poland,2004,625303,88444.9316211033,1435779.46288193,58.7,50,40,45,64.9,35.1,50,70,78.1,74.05,70.4,50,70,63.4666666666667
445,Poland,2005,658130.8125,90667.6395638163,1489462.69138759,59.6,50,36,43,68.3,30.3,49.3,70,82.3,70.7666666666667,79.2,50,70,66.4
446,Poland,2006,682456.5625,94308.0764080237,1558287.93717201,59.3,50,35,42.5,68.7,39.5,54.1,56.5,79.6,65.7666666666667,82.4,50,70,67.4666666666667
447,Poland,2007,742841.4375,99156.9916685698,1647434.00337258,58.1,50,34,42,68.6,44.8,56.7,55.3,80.3,65.6666666666667,86.6,50,50,62.2
448,Poland,2008,790771,103251.821418169,1743044.60189553,60.28693341,50,37,43.5,68.5564,43.4932,56.0248,54.23594518,82.2621666,65.9327039266667,86,60,60,68.6666666666667
449,Poland,2009,818383.5625,103691.557404024,1829554.59195963,60.32416531,50,42,46,68.9656,42.1837,55.57465,53.65845608,80.8216096,64.7600218933333,85.8,60,60,68.6
450,Poland,2010,897993.375,101437.743223198,1913203.67259527,63.2,55,46,50.5,74.9,46.8,60.85,62.2,78.1,67.2666666666667,87.5,60,60,69.1666666666667
451,Poland,2011,961309.5625,102326.309148544,2008252.39564593,64.1,60,50,55,74,43.8,58.9,61.4,78.1,66.9,87.6,65,60,70.8666666666667
452,Poland,2012,980559.1875,102775.017359268,2095546.87524413,64.2,60,53,56.5,74.4,40.3,57.35,61.4,79.1,67.2666666666667,87.1,65,60,70.7
453,Poland,2013,977445.9375,103156.39296651,2176912.95425623,66,60,55,57.5,76,43,59.5,64,77.7,68.2,86.8,65,70,73.9333333333333
454,Poland,2014,988262.25,105961.562774977,2272398.39112509,67,60,54.8,57.4,76.1,43.2,59.65,70.1,77.8,69.4333333333333,87.8,70,70,75.9333333333333
455,Poland,2015,1033507.8125,108704.860189096,2374351.98313312,68.6,60,60,60,82.1,47.1,64.6,67.3,81.3,69.6666666666667,88,70,70,76
456,Poland,2016,1055273.875,110476.700381741,2452990.58066817,69.3,65,61,63,75.5,46.5,61,68.7,85.2,70.6333333333333,88,75,70,77.6666666666667
457,Poland,2017,1102457.25,111482.746632139,2535122.79602321,68.3,60.8,55.5,58.1,76,46.9,66.3333333333333,67.8,84.7,71.3333333333333,87,75,70,77.3333333333333
458,Poland,2018,1157452.5,111356.016617667,2630395.22702576,68.5,61.8,50.9,56.4333333333333,75.9,47.8,68.4,67.2,85,72.0333333333333,86.9,75,70,77.3
459,Poland,2019,1211846.25,113013.13810116,2733385.89230739,67.8,62.3,49.8,52.0333333333333,74.9,48.8,70.0333333333334,65.4,82.1,70.4666666666667,86,80,70,78.6666666666667
460,Portugal,2000,255502.140625,21880.6084723977,1908478.60873349,65.5,70,65,67.5,60.4,41.9,51.15,70,84.8,77.4,77.8,70,50,65.9333333333333
461,Portugal,2001,254420.453125,21982.6040495438,1987100.10396123,66,70,67,68.5,61.6,41.9,51.75,70,85.2,77.6,78,70,50,66
462,Portugal,2002,255110.796875,21933.842299983,2057074.08241679,65.4,70,64,67,60.8,39.3,50.05,70,84.7,77.35,79.6,70,50,66.5333333333333
463,Portugal,2003,253838.9375,21624.0107046179,2114090.27716375,64.9,70,63,66.5,61.8,35.7,48.75,70,82.6,76.3,81.4,70,50,67.1333333333333
464,Portugal,2004,253878.703125,21547.8013557337,2169472.66523408,64.9,70,63,66.5,62.3,36.2,49.25,70,82.9,76.45,79.8,70,50,66.6
465,Portugal,2005,279745.78125,21482.5917538347,2222732.72544676,62.4,70,66,68,61.7,32,46.85,70,83.2,64.8,80.2,70,50,66.7333333333333
466,Portugal,2006,293115.375,21710.6276196907,2272379.50079667,62.9,70,63,66.5,64,29.7,46.85,73.3,84.4,66.6333333333333,82.4,70,50,67.4666666666667
467,Portugal,2007,299801.53125,22182.4071808288,2323148.71607308,64,70,65,67.5,62.3,35.4,48.85,78.6,80.4,66.8333333333333,86.6,70,50,68.8666666666667
468,Portugal,2008,299149.875,22378.298483171,2370848.06882543,63.8965721,70,66,68,61.3431,32.5972,46.97015,80.49996343,79.40551399,67.6684924733333,86,70,50,68.6666666666667
469,Portugal,2009,293305.1875,22020.2205000392,2406072.35379163,64.91180713,70,65,67.5,61.6475,35.4112,48.52935,81.08746958,79.89692069,67.0947967566667,85.8,70,60,71.9333333333333
470,Portugal,2010,305685.21875,21961.8717184354,2438512.40862702,64.4,70,61,65.5,61,37.1,49.05,80.5,79.7,65.7333333333333,87.5,70,60,72.5
471,Portugal,2011,299812.5625,21398.462328887,2455577.99240207,64,70,58,64,61.1,36.2,48.65,80.1,82.3,65.7,87.6,70,60,72.5333333333333
472,Portugal,2012,299026.875,20471.8821815202,2456468.37607673,63,70,60,65,59,25.5,42.25,83,82.6,66.0333333333333,87.1,70,60,72.3666666666667
473,Portugal,2013,289529.65625,20140.8751075274,2453475.72970331,63.1,70,61,65.5,61.6,28.3,44.95,82.8,79.4,64.4,86.8,70,60,72.2666666666667
474,Portugal,2014,289749.28125,20653.897922967,2452567.14874405,63.5,70,61.1,65.55,60.1,26.8,43.45,84.9,79.3,66.2666666666667,87.8,70,60,72.6
475,Portugal,2015,297096.65625,21160.2918764027,2456348.33726823,65.3,70,62,66,61.1,28.8,44.95,87.5,82.8,71.0666666666667,88,70,60,72.6666666666667
476,Portugal,2016,304108.8125,21702.2035415835,2461569.82396799,65.1,70,63,66.5,60.5,24.8,42.65,85.3,85.7,71.5,88,70,60,72.6666666666667
477,Portugal,2017,313080.1875,22410.4238612912,2476173.43724198,62.6,73.3,59,67.0666666666667,59.8,25.1,39,86.4,85.9,71.9,87,70,60,72.3333333333333
478,Portugal,2018,317162.25,22984.7466735332,2494006.07592455,63.4,69.2,56.8,65.3666666666667,59.8,29.8,45.2,83.2,85.3,70.8666666666667,86.9,70,60,72.3
479,Portugal,2019,325160.03125,23246.2666608435,2514999.75612205,65.3,71.5,59.5,65.1,59.9,35.6,55.1,79.7,83,69,86,70,60,72
480,Romania,2000,189927.8125,59316.9652996784,756265.093902475,52.1,30,30,30,58.3,63.3,60.8,55,38.1,46.55,74,70,50,64.6666666666667
481,Romania,2001,205140.34375,59073.2192308674,769944.784913991,50,30,33,31.5,57.6,79.7,68.65,55,41.4,48.2,73.4,50,30,51.1333333333333
482,Romania,2002,212188.671875,54053.501870133,785579.908759155,48.7,30,29,29.5,64.4,58.9,61.65,55,46.6,50.8,74.4,50,30,51.4666666666667
483,Romania,2003,222644.671875,51233.6232663737,804613.460301783,50.6,30,28,29,69.1,62.4,65.75,55,50.8,52.9,60.2,50,50,53.4
484,Romania,2004,248148.625,52370.5882822011,827791.112366505,50,30,26,28,69.9,74.8,72.35,55,56.8,55.9,57.6,30,50,45.8666666666667
485,Romania,2005,255695.6875,51388.7798159384,856118.371902766,52.1,30,28,29,70.1,68.9,69.5,55,62.6,57.7,70.4,30,50,50.1333333333333
486,Romania,2006,292077.90625,51565.4570621732,901231.533652403,58.2,30,29,29.5,87.5,68.9,78.2,74.6,66.6,66.2333333333333,68.4,50,50,56.1333333333333
487,Romania,2007,327959.03125,52347.3834728475,988062.07711461,61.2,30,30,30,85.9,71,78.45,73.2,69.7,66.9666666666667,84,50,60,64.6666666666667
488,Romania,2008,382007.84375,52631.9290798823,1089086.84928282,61.71342771,30,31,30.5,85.6384,70.7968,78.2176,74.90498573,72.47548861,67.8934914466667,86,60,50,65.3333333333333
489,Romania,2009,371476.5,51691.2688554609,1129597.30119109,63.18059421,35,37,36,86.9839,70.0432,78.51355,74.91887561,74.97274386,68.99720649,85.8,60,50,65.2666666666667
490,Romania,2010,378044.59375,49710.4991913698,1168039.08091218,64.2,40,38,39,85.8,59.8,72.8,72.5,73.3,68.7333333333333,87.5,75,50,70.8333333333333
491,Romania,2011,377451.375,49181.1406934678,1211895.50793517,64.7,40,38,39,86.8,57.6,72.2,72,74.4,69.0666666666667,87.6,80,50,72.5333333333333
492,Romania,2012,397241.375,48907.1109988685,1258175.36134359,64.4,40,37,38.5,87.4,55.1,71.25,70.5,74.3,69.1333333333333,87.1,80,50,72.3666666666667
493,Romania,2013,397416.875,48746.327725906,1296464.24881541,65.1,40,36,38,87.9,62.2,75.05,70.4,74.7,69.5333333333334,86.8,80,50,72.2666666666667
494,Romania,2014,407227.875,49031.7410861602,1336099.62343793,65.5,40,37.7,38.85,87,59.2,73.1,71,77.1,71.1,87.8,80,50,72.6
495,Romania,2015,429855.6875,48693.6213479899,1383334.51273755,66.6,40,43,41.5,86.9,62.3,74.6,69.8,77.3,71.9,88,80,50,72.6666666666667
496,Romania,2016,451741.8125,49126.2427180909,1431965.18049059,65.6,35,43,39,87.5,65.6,76.55,66.1,81.1,70.7666666666667,88,75,50,71
497,Romania,2017,499683.65625,50070.3605378314,1484431.78544194,69.7,63.9,45.9,56.1,87.4,65.3,81.2,65.9,83.6,70.6666666666667,87,75,50,70.6666666666667
498,Romania,2018,516810.5,50533.7480479507,1534529.57434431,69.4,61,40,53.5666666666667,87.3,66.9,81.7666666666667,65.2,82.8,71.6,86.9,75,50,70.6333333333333
499,Romania,2019,540045.75,50905.0617623013,1608272.39612557,68.6,66.7,39.8,52.8,89.7,69,82.6666666666667,63.1,82.7,70.1,86,70,50,68.6666666666667
500,Slovakia,2000,89552.703125,12063.6915288696,429721.845706409,53.8,50,39,44.5,54.8,25,39.9,70,73.9,71.95,71.2,50,50,57.0666666666667
501,Slovakia,2001,94552.9140625,12231.7309029683,439107.440807568,58.5,50,37,43.5,59.3,39.3,49.3,70,70.8,70.4,80.2,70,50,66.7333333333333
502,Slovakia,2002,96160.2734375,12102.8412327325,447817.126199452,59.8,50,35,42.5,61.1,33.7,47.4,70,68.8,69.4,79.8,70,70,73.2666666666667
503,Slovakia,2003,96839.5,12017.9774252704,454686.587918319,59,50,37,43.5,67.5,22.3,44.9,70,71.3,70.65,72.8,70,70,70.9333333333333
504,Slovakia,2004,97362.34375,12483.3603930578,462922.705312781,64.6,50,37,43.5,68.5,42.4,55.45,70,80.8,75.4,72.8,70,90,77.6
505,Slovakia,2005,111117.8203125,13068.8695716087,475761.375457618,66.8,50,37,43.5,81.9,42.4,62.15,70,78,74.5666666666667,72.8,70,90,77.6
506,Slovakia,2006,118124.6015625,13466.5343276962,490224.737107171,69.8,50,40,45,89.5,52.5,71,69.3,77.8,74.6,82.4,70,90,80.8
507,Slovakia,2007,127734.1640625,13966.679110821,507711.8479627,69.6,50,43,46.5,89.5,53.7,71.6,70.7,76.6,74.4666666666667,86.6,70,80,78.8666666666667
508,Slovakia,2008,141015.71875,14520.1965937496,525272.76808466,69.99070873,50,47,48.5,89.4311,53.9008,71.66595,69.53884785,76.89288057,74.51057614,86,70,80,78.6666666666667
509,Slovakia,2009,133371.078125,14213.0057478484,533733.681000803,69.3657562,50,49,49.5,84.0775,57.3613,70.7194,73.36969573,78.7,75.7898985766667,85.8,70,70,75.2666666666667
510,Slovakia,2010,146741.875,14282.9938357024,544518.043396207,69.7,55,50,52.5,84,64.5,74.25,72.6,78.2,71.9666666666667,87.5,70,70,75.8333333333333
511,Slovakia,2011,148675.609375,14531.2447583686,559317.189931262,69.5,50,45,47.5,84.2,63.7,73.95,73.4,81.6,73.1666666666667,87.6,75,70,77.5333333333333
512,Slovakia,2012,149614.1875,14597.7449357846,569297.766078678,67,50,43,46.5,84.2,48.2,66.2,71,83.5,70.8666666666667,87.1,75,70,77.3666666666667
513,Slovakia,2013,144107.6875,14445.5893725607,579404.103253928,68.7,50,40,45,84.7,58,71.35,71,79.1,74.1,86.8,75,70,77.2666666666667
514,Slovakia,2014,149792.734375,14656.8345072195,589814.135668707,66.4,50,41.8,45.9,80.2,56,68.1,67,78.1,66.2333333333333,87.8,80,70,79.2666666666667
515,Slovakia,2015,150161.828125,15009.4159817725,607415.889013549,67.2,50,47,48.5,80.8,55.1,67.95,69.6,75.5,67.2,88,80,70,79.3333333333333
516,Slovakia,2016,143673.125,15350.0179528321,619153.974193053,66.6,50,50,50,80.1,49.5,64.8,68.4,79.5,67.6333333333333,88,75,70,77.6666666666667
517,Slovakia,2017,144190.140625,15555.7145945358,631657.24418826,65.7,69,39.6,48.8666666666667,79.7,47.2,69.9333333333333,64.9,81.1,66.8,87,75,70,77.3333333333333
518,Slovakia,2018,146127.890625,15883.7715921394,644500.965883467,65.3,68.2,38.2,48.4,78.9,44.3,69.3666666666667,63.9,81,66.3,86.9,75,70,77.3
519,Slovakia,2019,149921.4375,16106.5640380244,658789.662597634,65,68.5,37.7,47.8,78.6,46.1,70.6333333333333,61.3,78.6,64.4333333333333,86,75,70,77
520,Slovenia,2000,47351.51171875,5120.79580124739,315815.542142293,58.3,70,50,60,52.9,36.5,44.7,70,71.9,70.95,73.6,50,50,57.8666666666667
521,Slovenia,2001,47762.74609375,5108.96844544957,325802.986917092,61.8,70,60,65,52.8,47.1,49.95,85,73.6,79.3,67.4,50,50,55.8
522,Slovenia,2002,48673.30859375,5268.63683952212,334743.723181038,57.8,50,55,52.5,51.8,41.9,46.85,85,72,78.5,64.2,50,50,54.7333333333333
523,Slovenia,2003,49835.16015625,5271.26936177949,344344.625330757,57.7,50,52,51,53.1,40.6,46.85,85,76.7,80.85,62.2,50,50,54.0666666666667
524,Slovenia,2004,51786.13671875,5340.13759610128,354524.629058871,59.2,50,60,55,54.4,40.6,47.5,85,77.3,81.15,65.2,50,50,55.0666666666667
525,Slovenia,2005,56365.34375,5206.01720922692,364755.52814463,59.6,50,59,54.5,55.6,45.3,50.45,85,79.1,68.1333333333333,81.8,50,50,60.6
526,Slovenia,2006,56498.76953125,5228.96554808552,376652.693079043,61.9,50,60,55,64,44.3,54.15,75.1,81.7,66.1333333333333,82.4,70,50,67.4666666666667
527,Slovenia,2007,58627.26171875,5410.49063023592,390536.56735496,59.6,50,61,55.5,54.6,30.9,42.75,72.9,78.9,64.3333333333333,86.6,70,50,68.8666666666667
528,Slovenia,2008,64960.12109375,5639.26234483498,405471.147281949,60.16081092,50,64,57,62.3764,33.1648,47.7706,74.09813282,79.53713647,65.3450897633333,86,60,50,65.3333333333333
529,Slovenia,2009,59698.89453125,5575.04825270385,412669.078827833,62.89824763,60,66,63,62.9051,38.4373,50.6712,84.45156973,78.6,68.61718991,85.8,60,50,65.2666666666667
530,Slovenia,2010,60950.0546875,5494.77711689044,416568.391231829,64.7,60,67,63.5,64,46.1,55.05,83.3,76,67.6,87.5,70,50,69.1666666666667
531,Slovenia,2011,63455.94140625,5388.30008351706,419142.164277867,64.6,60,66,63,65.1,41.1,53.1,83.6,80.5,68.6333333333333,87.6,70,50,69.2
532,Slovenia,2012,62795.8125,5312.42418274701,419964.793478166,62.9,60,64,62,64.8,27.9,46.35,81.4,81.2,68.2666666666667,87.1,70,50,69.0333333333333
533,Slovenia,2013,62010.59765625,5346.97311925897,421396.441948591,61.7,60,59,59.5,65.7,22.3,44,80.7,81.6,67.5666666666667,86.8,70,50,68.9333333333333
534,Slovenia,2014,62827.609375,5470.77348303405,422739.047621679,62.7,60,61,60.5,58.9,22.6,40.75,85.4,80.3,72.2333333333333,87.8,70,50,69.2666666666667
535,Slovenia,2015,61784.9609375,5599.21829834883,423945.56555905,60.3,60,57,58.5,58.1,0,29.05,81.2,81.3,73.2,88,70,50,69.3333333333333
536,Slovenia,2016,63278.7265625,5618.36339383338,424222.076193614,60.6,60,58,59,58.6,0,29.3,82,84.3,73.9,88,70,50,69.3333333333333
537,Slovenia,2017,65603.0625,5713.85335462338,426123.39395828,59.2,75,53.6,61.2333333333333,58.7,28.6,31.1333333333333,80.6,85.3,75.3666666666667,87,70,50,69
538,Slovenia,2018,69825.75,5829.88226718363,429442.399970273,64.8,76.6,52.1,62.1333333333333,58.7,31.2,52.0666666666667,79.5,87.3,76.0333333333334,86.9,70,50,68.9666666666667
539,Slovenia,2019,70868.515625,5961.13246121005,433642.087810203,65.5,76.4,53.6,58.8333333333333,58.4,38.3,59.7666666666667,79.3,83.6,74.7,86,70,50,68.6666666666667
540,Spain,2000,1151572.75,76708.9476976153,7018430.35047295,65.9,70,61,65.5,45.8,47.1,46.45,70,81,75.5,77.8,70,70,72.6
541,Spain,2001,1185868.75,80500.5537643252,7275954.12158966,68.1,70,66,68,53.8,54.4,54.1,70,80.7,75.35,78,70,70,72.6666666666667
542,Spain,2002,1226799.625,83106.1727600222,7542415.86835831,68.8,70,70,70,53.1,52,52.55,70,84.1,77.05,79.6,70,70,73.2
543,Spain,2003,1244541.375,85680.9512264501,7832132.18402266,68.8,70,70,70,52.6,52.2,52.4,70,83.3,76.65,81.4,70,70,73.8
544,Spain,2004,1289801.625,88558.7879221428,8134372.57905267,68.9,70,71,70.5,52.9,52.7,52.8,70,83.6,76.8,79.8,70,70,73.2666666666667
545,Spain,2005,1427946.25,91944.9099959706,8462508.4836242,67,70,69,69.5,55.4,53,54.2,70,83.9,67.5666666666667,80.2,70,70,73.4
546,Spain,2006,1557340.625,95661.6758520289,8817930.2033367,68.2,70,71,70.5,55.3,50.5,52.9,78.7,83.9,70.8666666666667,82.4,70,70,74.1333333333333
547,Spain,2007,1660385.5,98340.3412858787,9181810.18661928,69.2,70,70,70,55.2,54.8,55,78,78.5,68.6,86.6,70,80,78.8666666666667
548,Spain,2008,1687736.75,99374.1218217588,9500643.72066043,69.09373694,70,68,69,54.4679,56.2228,55.34535,77.86852773,78.14744218,68.7386566366667,86,70,80,78.6666666666667
549,Spain,2009,1628010.25,94173.6374848148,9702571.37311578,70.0700692,70,67,68.5,58.5971,55.3012,56.94915,76.84150546,78.9,68.0138351533333,85.8,80,80,81.9333333333333
550,Spain,2010,1622292.375,92819.6707440953,9873294.61614204,69.6,70,65,67.5,58.1,54.8,56.45,75.8,77.7,66.9333333333333,87.5,80,80,82.5
551,Spain,2011,1614883.5,91335.1620631313,9997998.75013064,70.2,70,61,65.5,61,49.3,55.15,77.2,82.4,70.8666666666667,87.6,80,80,82.5333333333333
552,Spain,2012,1603927.75,87470.038354868,10082280.8282544,69.1,70,61,65.5,61.3,37.1,49.2,81.3,81.5,71.5333333333333,87.1,80,80,82.3666666666667
553,Spain,2013,1574605.5,85624.8112464197,10145331.1067661,68,70,62,66,53.9,43,48.45,80.3,79.9,71.5,86.8,80,70,78.9333333333333
554,Spain,2014,1578475.5,87136.8613589833,10221833.208797,67.2,70,62.6,66.3,54,38.7,46.35,77.3,79.9,69.8,87.8,80,70,79.2666666666667
555,Spain,2015,1669676.25,90264.6314977334,10313432.6387854,67.6,70,59,64.5,53.1,39.8,46.45,77.5,81.3,70.4666666666667,88,85,70,81
556,Spain,2016,1738080.25,93079.917897616,10407064.6360457,68.5,70,60,65,58.3,41.1,49.7,76,84.7,70.8,88,85,70,81
557,Spain,2017,1815914.875,95354.1701615027,10525543.2082468,63.6,71.2,57.2,60.7666666666667,62.5,41.4,43.6,66.9,85.5,69.2333333333333,87,85,70,80.6666666666667
558,Spain,2018,1849504.75,98163.0739027984,10666871.2166201,65.1,73.1,51.5,62.2,62,42.8,46.9666666666667,66.3,86.7,70.6666666666667,86.9,85,70,80.6333333333333
559,Spain,2019,1886595.25,100020.778159126,10813868.4597418,65.7,72.9,51.9,58.7333333333333,62.3,46.2,53.2,66.8,87.5,70.7,86,85,70,80.3333333333333
560,Sweden,2000,353287.34375,22513.2316716103,1714044.21179174,65.1,70,95,82.5,34.1,0,17.05,70,94.2,82.1,83,70,70,74.3333333333333
561,Sweden,2001,343555.3125,22757.7205745187,1738037.39197671,66.6,90,94,92,33.7,2.5,18.1,70,91.4,80.7,78,70,70,72.6666666666667
562,Sweden,2002,345104,22539.7144421316,1758636.89155025,70.8,90,94,92,31.4,2.5,16.95,70,89.7,79.85,79.6,90,90,86.5333333333334
563,Sweden,2003,354678.75,22324.4444198499,1779143.70286652,70,90,90,90,29.8,2.9,16.35,70,86.4,78.2,81.4,90,90,87.1333333333333
564,Sweden,2004,371480.3125,22622.572392888,1802409.29850446,70.1,90,93,91.5,32,0,16,70,85.8,77.9,79.8,90,90,86.6
565,Sweden,2005,387039.96875,22769.1691889539,1828603.01531611,69.8,90,93,91.5,33.7,0,16.85,70,86,73.7333333333333,80.2,90,90,86.7333333333333
566,Sweden,2006,403906,23296.9880457256,1861376.41082141,70.9,90,92,91,33.2,2.2,17.7,96.1,87.7,82.9666666666667,82.4,90,70,80.8
567,Sweden,2007,431161.90625,24152.7928486982,1899904.75997135,69.3,90,92,91,33.1,3.6,18.35,94.2,83.8,81,81.4,80,70,77.1333333333333
568,Sweden,2008,442047.3125,24603.1616252623,1935181.37514313,70.80834671,90,92,91,32.71456667,3.8932,18.303883335,95.60115391,82.82814971,81.1431012066667,86,80,80,82
569,Sweden,2009,412821.25,23996.5493881324,1953269.19027681,70.45060468,90,93,91.5,34.9691,7.2592,21.11415,95.88154856,82.1,77.8271828533333,85.8,80,80,81.9333333333333
570,Sweden,2010,434925.3125,24677.6280610192,1977729.78158455,72.4,95,93,94,36.7,17.3,27,95.5,79.5,76.6333333333333,87.5,85,80,84.1666666666667
571,Sweden,2011,467381.34375,25345.7064482428,2005841.03710459,71.9,90,92,91,37.6,17.3,27.45,95,80.1,76.3666666666667,87.6,85,80,84.2
572,Sweden,2012,468806.15625,25409.4341467298,2030676.51637994,71.7,90,92,91,39.1,8.8,23.95,94.6,80.9,76.7,87.1,90,80,85.7
573,Sweden,2013,468068.34375,25566.5805989663,2054697.84149936,72.9,90,93,91.5,39.6,21,30.3,93.2,82.1,76.3,86.8,90,80,85.6
574,Sweden,2014,471940.90625,25965.8772341757,2084723.80380759,73.1,90,92.3,91.15,42.9,21.4,32.15,91.1,82.5,75.5,87.8,90,80,85.9333333333333
575,Sweden,2015,489265.21875,26370.2384812165,2121064.10112124,72.7,90,89,89.5,43,19.2,31.1,87.9,85.5,75.8,88,90,80,86
576,Sweden,2016,496575.71875,27013.412619063,2159637.13026757,72,90,87,88.5,44.4,14.9,29.65,89.7,87.1,76.7666666666667,88,85,80,84.3333333333333
577,Sweden,2017,515378.21875,27363.2600817362,2203428.2749231,74.9,88.6,87.4,86.0666666666667,44.4,21.7,53.1666666666667,90.8,85.3,76.4333333333333,87,85,80,84
578,Sweden,2018,516270.25,27738.2753988438,2245697.58930195,76.3,92.6,92.9,91.2333333333334,43.9,23.2,54.4,89.3,83.8,75.6,86.9,85,80,83.9666666666667
579,Sweden,2019,526240.8125,27590.3273649018,2283805.79307377,75.2,89.5,88,87.1666666666667,43.2,26.7,55.5,88,82,74.6333333333333,86,85,80,83.6666666666667
580,Switzerland,2000,338564.625,23739.8835082369,1841329.25169198,76.8,90,89,89.5,80.7,28,54.35,70,92.2,81.1,81,70,90,80.3333333333333
581,Switzerland,2001,337628.90625,23610.1105805116,1880390.30916965,76,90,89,89.5,80.1,22,51.05,70,90.2,80.1,83,70,90,81
582,Switzerland,2002,338812.71875,23498.4648774049,1917226.35419806,79.3,90,86,88,80,56.7,68.35,70,88.1,79.05,83,70,90,81
583,Switzerland,2003,345368.84375,23654.3870915712,1951496.52298643,79,90,84,87,80.4,55.3,67.85,70,88.3,79.15,83,70,90,81
584,Switzerland,2004,358520.78125,24242.3720490412,1990512.33580682,79.5,90,85,87.5,80.6,55.8,68.2,70,89.4,79.7,85,70,90,81.6666666666667
585,Switzerland,2005,389669.3125,24473.4357648408,2034174.02942711,79.3,90,88,89,73,61.1,67.05,70,90,79.0666666666667,83.4,70,90,81.1333333333333
586,Switzerland,2006,417287.875,25004.2240989162,2081521.72443849,78.9,90,91,90.5,73.4,61.1,67.25,85,89.6,83.9,82,70,70,74
587,Switzerland,2007,460970.21875,25608.3116026359,2131410.02334539,78,90,91,90.5,67.9,59.8,63.85,84.1,83.5,81.5333333333333,87,70,70,75.6666666666667
588,Switzerland,2008,495490.09375,26114.9267529487,2178991.25287031,79.51353503,90,91,90.5,68.0011,61.5508,64.77595,83.92569551,83.57282217,82.46617256,87.2,70,80,79.0666666666667
589,Switzerland,2009,487747.65625,26161.6027208328,2214047.99126345,79.42363005,90,90,90,67.4674,65.32,66.3937,82.93754985,83.9,82.0125166166667,85.4,70,80,78.4666666666667
590,Switzerland,2010,505411.15625,25916.7633960048,2250617.85332218,81.1,90,90,90,68.2,68.9,68.55,81.2,81.3,81.4333333333333,90,80,80,83.3333333333333
591,Switzerland,2011,557177,26596.8765046541,2290546.44813802,81.9,90,90,90,68.4,69.3,68.85,80.2,83.8,83.9333333333333,90,80,80,83.3333333333333
592,Switzerland,2012,575031.5625,26904.0368571935,2332846.97559392,81.1,90,87,88.5,67.9,65.8,66.85,77.9,84.4,83.4,90,80,80,83.3333333333333
593,Switzerland,2013,573934.1875,26980.9400224615,2372703.05306918,81,90,88,89,68.1,63.8,65.95,75.8,86.2,83.3,90,80,80,83.3333333333333
594,Switzerland,2014,588873.625,27403.5952265669,2417262.53815621,81.6,90,88.1,89.05,68.9,65.7,67.3,75.4,85.2,82.6666666666667,90,85,80,85
595,Switzerland,2015,592828.6875,28114.7068643267,2463304.39137488,80.5,90,85,87.5,70.3,65.1,67.7,78.1,86.3,79.9,90,85,80,85
596,Switzerland,2016,603778.375,28550.447375727,2511788.13230226,81,90,86,88,70.9,66.3,68.6,82.2,87.8,80.7,90,85,80,85
597,Switzerland,2017,622558.4375,28486.6101851148,2563053.7227269,81.5,86.9,80.3,81.6,70.9,67.5,78.0666666666667,76.8,84.4,77.8,90,85,90,88.3333333333333
598,Switzerland,2018,636190.75,28679.0982009046,2611600.05915764,81.7,84.2,82.8,83.0333333333334,70.5,65.4,77.2666666666667,75.7,85.2,78.2666666666667,90,85,90,88.3333333333333
599,Switzerland,2019,646919.625,28887.7738583724,2660185.59707593,81.9,85.3,88,85.1,70.5,64.8,77.2,75.4,85.2,77.7,87.4,85,90,87.4666666666667
